WEEK,MOVE1,MOVE2,MOVE3,MOVE4,MOVE5,MOVE6,MOVE7,NSALE1,NSALE2,NSALE3,NSALE4,NSALE5,NSALE6,NSALE7,LPRICE1,LPRICE2,LPRICE3,LPRICE4,LPRICE5,LPRICE6,LPRICE7,LWHPRIC1,LWHPRIC2,LWHPRIC3,LWHPRIC4,LWHPRIC5,LWHPRIC6,LWHPRIC7,FULLCUST
1,20347,7152,2722,6795,2161,617,7940,0,0,0,0,0,0,0,-0.090138569,-0.122673649,0.5755584775,-0.115039225,0.4568242608,1.2242972776,-0.206610346,-0.510452089,-0.505078052,0.2080470765,-0.496614141,0.120412492,1.0162852456,-0.600707058,1744126.375
2,44351,30335,2598,5483,1981,515,4336,0,0,0,0,0,0,0,-0.283314594,-0.287682072,0.573771725,-0.11773128,0.4544686983,1.2237643832,-0.208950487,-0.510452622,-0.50993699,0.3618706351,-0.49679755,0.120414134,1.0162870403,-0.600994568,1861445
3,25177,9114,2628,14880,2750,565,5619,0,0,0,0,0,0,0,-0.283481741,-0.12441308,0.5724700192,-0.251293306,0.4536204996,1.2230939009,-0.210267664,-0.510450442,-0.53301879,0.3618717255,-0.496517712,0.1204147253,1.0166567568,-0.601231444,1783348.75
4,11032,10973,2680,9827,4104,591,24322,0,0,0,0.2298545285,1,0,1,-0.084545216,-0.287682072,0.5737890815,-0.251526918,0.3629118495,1.2229763013,-0.376196313,-0.510447411,-0.532998343,0.3618706206,-0.49673228,0.1204169335,1.0166548147,-0.64792288,1831941.625
5,77269,4649,2592,8159,3960,550,4031,1,0,0,0,1,0,0,-0.371063681,-0.124420994,0.5692096404,-0.118471461,0.3606222703,1.2206562527,-0.209242994,-0.510420075,-0.537744811,0.3618744564,-0.496783658,0.1204180682,1.0166573287,-0.640591324,1818942.625
6,9495,5286,2488,17778,3077,524,5490,0,0,0,1,0,0,0,-0.082918502,-0.117209106,0.5721063018,-0.277990444,0.3630180739,1.2231508205,-0.203040277,-0.510445553,-0.537736427,0.3660392304,-0.496717309,0.0188416933,1.0203193757,-0.640479878,1742907
7,9162,6252,2688,18943,1998,548,6386,0,0,0,0.2308907634,0,0,0,-0.083536826,-0.11895008,0.5720618955,-0.278133537,0.452833732,1.2224807799,-0.217874067,-0.510443725,-0.537735318,0.3660392574,-0.496705861,0.0188388561,1.020319771,-0.653226392,1893556
8,53279,5951,2878,10053,2076,640,5900,0,0,0,1,0,0,0,-0.287682072,-0.115950712,0.5718856541,-0.278057088,0.452783194,1.2226460564,-0.21320336,-0.510428809,-0.537721008,0.3589775485,-0.496703047,0.0149330831,1.0144862212,-0.653262729,1840299
9,11136,7344,2798,9442,2192,611,11309,0,0,0,0,0,0,0,-0.086621789,-0.118996882,0.5715131109,-0.114624855,0.4522040232,1.221642651,-0.218473148,-0.510447305,-0.53772623,0.3590407989,-0.496749839,0.014933265,1.014486927,-0.653228041,1734400
10,9127,7008,2996,12497,2088,599,13349,0,0,0,0.2276669524,0,0,1,-0.088991944,-0.123284151,0.5734793812,-0.150006063,0.4538410281,1.2230133145,-0.299223261,-0.51045339,-0.537718875,0.3590579354,-0.496794347,0.0139067956,1.0144858368,-0.65324672,2136443
11,19938,4266,1833,5352,1898,368,6108,0,0,0,0,0,0,0.6701450989,-0.250258633,-0.120953595,0.5726762732,-0.147592169,0.4527444154,1.2232590923,-0.29634289,-0.510476392,-0.53771547,0.354754455,-0.496843305,0.0139064279,1.0072256151,-0.653292396,1603082
12,13781,92073,2557,9158,3412,580,9554,0,1,0,0.2306781722,0,0,1,-0.090236753,-0.376086521,0.5704720694,-0.149089679,0.3461366033,1.2216344113,-0.296717518,-0.510475562,-0.483531104,0.3547862355,-0.496737444,0.0139321016,1.0072235854,-0.576215509,1753754
13,13826,6009,2320,9838,2843,495,9368,0,0,0,0.2317983864,1,0,1,-0.175332242,-0.123811856,0.5719214548,-0.15008581,0.3465004988,1.2231511503,-0.297858829,-0.510437761,-0.453904071,0.3542162909,-0.496718488,0.0139324583,1.0072244584,-0.576215888,1784001
14,15943,6628,2528,11348,2274,536,9846,0.7908256838,0,0,0,0,0,0.3518149842,-0.17581954,-0.123636625,0.5719712064,-0.149719351,0.3465794729,1.2231489796,-0.298571732,-0.510443076,-0.480291093,0.3542066239,-0.496754148,0.0139325357,1.0072247086,-0.576215503,2069112
15,11842,4434,2038,8043,1195,398,5505,0.2093621229,0,0,0,0,0,0,-0.171690797,-0.117969153,0.5720107359,-0.145696207,0.4528901431,1.2233961745,-0.21822786,-0.510441212,-0.471306822,0.3541970481,-0.496762081,0.0139064767,1.0072251372,-0.576235603,1793829
16,16845,5705,2429,10075,1652,540,6731,0.7671958671,0,0,0.2261228747,0,0,0,-0.171476942,-0.11963354,0.5705085477,-0.145393135,0.4513591241,1.2219529756,-0.217539658,-0.510403018,-0.471280437,0.3542155082,-0.496818827,0.0139059633,1.0072234022,-0.591228541,1786344
17,149963,4054,2925,3818,1976,529,4421,0,0,0,0.2587841119,0,0,0,-0.287682072,-0.125156799,0.569362261,-0.157528621,0.450407045,1.2205648368,-0.22380543,-0.474974641,-0.522201166,0.3542052941,-0.496230039,0.0139056441,1.0072230177,-0.594184876,1681072
18,7756,7872,2827,8956,1964,582,140235,0,0,0,0,0,0,1,-0.09271435,-0.126577082,0.5711896881,-0.120320129,0.4521989367,1.222021998,-0.713349888,-0.474686659,-0.523133678,0.3542000831,-0.524202743,0.0139062449,1.007223396,-0.848597037,1704080
19,7564,11231,2997,50011,2017,595,9930,0,0.6949674397,0,0,0,0,0,-0.08821889,-0.247981332,0.5706072675,-0.371063681,0.4512788769,1.2223629456,-0.220936548,-0.464844604,-0.523204787,0.3542138488,-0.524291101,0.0139059364,1.0072236895,-0.582214793,1749835
20,10447,9651,2992,25383,2227,604,15535,0,0.695472091,0,0,0,0,0,-0.086735638,-0.248445527,0.5716464376,-0.371063681,0.4525019998,1.2223572662,-0.312073477,-0.464780326,-0.404205849,0.3529268548,-0.524338205,0.0139063466,1.0072242849,-0.582236938,1857926
21,9371,8356,3091,20049,1987,724,14492,0,0.6943795063,0,0.7706866334,0,0,0.647139789,-0.096923325,-0.248826646,0.5712496624,-0.371063681,0.4063926392,1.2217307332,-0.317544426,-0.464578347,-0.404937779,0.3529284432,-0.524317809,0.013865431,1.0072238294,-0.582231314,1841071
22,9288,5304,2655,11275,2179,644,15461,0,0,0,0,0,0,1,-0.090235111,-0.119849278,0.5720902105,-0.259288381,0.4072412984,1.2227064176,-0.3140542,-0.464557237,-0.488437958,0.3529246176,-0.524196931,0.0237103003,1.0072244247,-0.582241068,1859444
23,15656,11725,2979,6664,3001,800,21093,0,0,0,0,0,0,1,-0.094607581,-0.123596675,0.5713747984,-0.117907852,0.4064233166,1.2221151093,-0.316025964,-0.46469767,-0.499920717,0.3529284106,-0.524273269,0.0237102192,1.0072241717,-0.582240469,1811747
24,11734,338586,3513,3353,8094,815,6091,0,0,0,0,1,0,0.3439412614,-0.098438038,-0.252128707,0.5699108026,-0.120659303,0.3293037471,1.2212681337,-0.31655308,-0.46452533,-0.511998467,0.3529262284,-0.52466381,0.0237292218,1.0072231563,-0.582215116,1704668
25,148858,4102,6173,4227,4531,921,4119,0,0,1,0,1,1,0,-0.527632742,-0.121326717,0.4637340162,-0.11541842,0.3293037471,1.1857093521,-0.314618437,-0.573650249,-0.512481606,0.1782091595,-0.524460098,0.0237292218,0.9388734585,-0.582187884,1774193
26,31296,3381,4988,130036,3341,730,2827,0.2151055831,0,0.7753405144,0.7711356558,1,1,0,-0.527632742,-0.123964633,0.4637340162,-0.527632742,0.3293037471,1.1851551698,-0.315860689,-0.573627155,-0.530770465,0.1782065884,-0.539066287,0.0237292218,0.9388743923,-0.582121988,1783720
27,117735,2932,4339,12212,3139,607,3707,0.2086807542,0,0.7759209392,1,1,0,1,-0.371063681,-0.118983086,0.4637340162,-0.527632742,0.3154521791,1.2221591845,-0.313302168,-0.487500285,-0.553030982,0.1736716586,-0.539744606,0.0236807378,0.9388547583,-0.582195917,1861516
28,33246,11590,4538,3740,3218,595,10310,0,0,0.7740884663,0,1,0,1,-0.371063681,-0.121801232,0.4770777769,-0.11365258,0.3151041093,1.2215216457,-0.377493487,-0.513679218,-0.553014017,0.1736410092,-0.515685701,0.0236809958,0.9388542379,-0.582240064,1801250
29,6779,66123,4192,2775,3128,557,5605,0,1,0,0,1,0,0,-0.095595474,-0.407285497,0.4771015816,-0.11006805,0.3155500532,1.2220298035,-0.377315603,-0.513475913,-0.543098627,0.1737505317,-0.515715582,0.0236806653,0.9388547671,-0.582230495,1797034
30,14681,19824,4016,4748,3411,686,4305,0.2252382783,0.3035110082,1,0,1,0,0,-0.250258022,-0.405465108,0.4769167881,-0.114297263,0.31474814,1.2212614085,-0.221807069,-0.518444485,-0.542950694,0.1736412199,-0.515753687,0.0236812596,0.9388538637,-0.582174192,2020259
31,14649,13705,4043,14353,2491,1202,4424,1,0.6964306319,1,0.2307165683,1,0,0,-0.249911612,-0.405465108,0.4771366626,-0.249523095,0.3153443743,1.1600209168,-0.215621051,-0.518830193,-0.542950286,0.1757472812,-0.515705162,0.0236808177,0.9348753628,-0.582205937,1950609
32,19156,9329,3243,7625,1796,854,17193,0.2205947675,1,0.220450666,0.7709013582,0,0,1,-0.378422941,-0.405465108,0.4745063866,-0.250269429,0.3992244657,1.1600209168,-0.378060855,-0.530929784,-0.542952158,0.1757824554,-0.515730755,0.023709505,0.9348753628,-0.582239665,1754797
33,20261,4605,2633,19350,2044,707,5590,1,0,0,0.2320872158,0,0,0,-0.380714504,-0.132013959,0.5678446841,-0.25093201,0.402934866,1.2178443739,-0.23231631,-0.532345244,-0.552990901,0.3130351291,-0.515687025,0.0237098731,0.9612320553,-0.582215276,1828972
34,13119,7151,2385,11420,1972,656,4976,0,0,0,0,0,0,0,-0.11044564,-0.131238949,0.5687410292,-0.251224615,0.4039772106,1.2179306884,-0.234721676,-0.534717268,-0.553013693,0.3100340804,-0.515733311,0.0237099765,0.9612310029,-0.582215852,1836726
35,19203,10414,2495,5286,2723,602,3274,1,0,0,0.7726952465,0,0,0,-0.37488954,-0.345380621,0.5697308597,-0.251064082,0.3293037471,1.218104864,-0.234155887,-0.544420357,-0.553000216,0.3350725208,-0.515759079,0.0237292218,0.9775753447,-0.58220754,2005393
36,19376,11658,2545,5108,1940,693,3528,1,0,0,0,0,0,0,-0.376261911,-0.354331092,0.5706073907,-0.251747179,0.3293037471,1.2193871191,-0.233107321,-0.552698898,-0.527042586,0.3349728408,-0.515691444,0.0237292218,0.9775755972,-0.582208816,1916922
37,24274,9496,3113,4324,1531,926,3336,1,0.3328737215,0,0,0,0,0,-0.363699172,-0.352110615,0.5716434356,-0.110489925,0.4067370376,1.2221730351,-0.21661292,-0.552626041,-0.537889969,0.3355736927,-0.515764071,0.0237102503,0.987670177,-0.582193219,1991256
38,21080,12932,3467,5690,1959,925,6700,1,0.6942179794,0,0,0,0,0,-0.363182733,-0.345473545,0.5719391154,-0.107798201,0.4070797486,1.2226179735,-0.213396904,-0.552064447,-0.5049794,0.3363851733,-0.515687734,0.0237102843,0.9876701579,-0.58224466,1947663
39,10791,7917,2996,6342,2783,986,22557,0,0,0,0,0,0,0,-0.097541047,-0.119308181,0.5723183169,-0.11068516,0.4076356038,1.2230415851,-0.377470337,-0.552031352,-0.498392887,0.3361411996,-0.515683094,0.0237103394,0.9876701709,-0.58225065,1923901
40,13746,7837,3021,47862,3932,998,5443,0,1,0,0,0,0,0,-0.09750192,-0.169331542,0.571147223,-0.371063681,0.3293037471,1.2214881978,-0.221818947,-0.552136291,-0.496999192,0.3363279232,-0.515764102,0.0237292218,0.9876701017,-0.582237023,1988756
41,58387,7326,2638,3849,3961,844,5397,0.7671454318,0.6937426418,0,0,0,0,0,-0.24897839,-0.168524325,0.5720503727,-0.108015891,0.3293037471,1.2224593732,-0.218382283,-0.552057852,-0.497300172,0.3366297347,-0.515756336,0.0237292218,0.9876700562,-0.582180153,1936070
42,20347,10814,3060,5359,4500,1151,7243,0.7655125846,0.3087967945,0,0,0,0,0,-0.248983515,-0.168062923,0.5721701824,-0.107336788,0.3293037471,1.2222269409,-0.213791884,-0.539553488,-0.486455052,0.3508740716,-0.645110155,0.0237292218,0.9458849615,-0.582232024,2280015
43,7104,7319,3010,96452,3636,1406,5815,0,1,0,0.2329956454,1,1,0,-0.09718885,-0.170784444,0.5723996121,-0.527632742,0.3293037471,1.1834434293,-0.219216607,-0.539570699,-0.490279521,0.350849164,-0.645137309,0.0237292218,0.9458647824,-0.582211164,1923100
44,14352,8944,2983,3962,2774,1339,18750,0,0.3083418458,0,0,0,1,0,-0.092328603,-0.167972927,0.5721579813,-0.10722107,0.4074153514,1.1831858062,-0.298958951,-0.539569575,-0.499358568,0.2103013846,-0.645107458,0.0237103176,0.9376506868,-0.582241297,1903706
45,32098,8198,3352,3814,2890,1429,9970,0.2319650152,0.3061204916,0,0,0,0,0,-0.249656275,-0.165858667,0.5723430005,-0.105469322,0.4076116097,1.1831780877,-0.296782385,-0.518783031,-0.478290183,0.2104504994,-0.645034919,0.1756564955,0.937650679,-0.582232673,1957019
46,18533,7817,2936,4092,2549,1326,20031,0,0.6924595127,0,0,0,1,0,-0.24976957,-0.166275195,0.5725452354,-0.105748463,0.4076949969,1.1831986433,-0.377059954,-0.55553313,-0.476810761,0.1938921767,-0.645065318,0.1756564635,0.9368830569,-0.582249677,1928595
47,23175,6691,4063,3728,2167,1178,11585,0,0.6955250348,0,0,0,1,0,-0.249897298,-0.169761396,0.5696129439,-0.111190185,0.4053000603,1.1811089472,-0.377336375,-0.555542178,-0.491147059,0.1938807458,-0.645054086,0.1756573819,0.9368825435,-0.582246675,1927308
48,29401,6107,5740,3533,2019,1023,7023,0.7691447653,0,0.2246913941,0,0,0,0,-0.407880968,-0.116571784,0.4774479147,-0.10874883,0.4066636685,1.2215640616,-0.377170621,-0.553188599,-0.502819348,0.1939167997,-0.645019033,0.175656859,0.9369077566,-0.582237666,1857573
49,28680,18900,4696,9999,2830,1642,3841,0.7650537107,1,0.7759928299,0,0,0,0,-0.406934619,-0.250020036,0.4771895915,-0.107263707,0.406076959,1.1600209168,-0.212495374,-0.552867797,-0.476907081,0.1924436942,-0.645114747,0.0998590887,0.9352510437,-0.582185425,1941010
50,17590,4044,4256,55038,5884,1266,2943,1,0,1,0.7678633941,1,1,0,-0.410238448,-0.118543592,0.4776339826,-0.371063681,0.2546422184,1.1600209168,-0.215373936,-0.555400767,-0.491796331,0.1924393773,-0.645143351,0.0420676184,0.9352510437,-0.582175771,1946640
51,80633,3976,3047,16683,4716,1303,3400,1,0,1,1,1,0,0,-0.371063681,-0.111612983,0.4775320441,-0.371063681,0.2546422184,1.1600209168,-0.204801795,-0.511797565,-0.492950074,0.1920000707,-0.645143142,0.0392187901,0.9352510437,-0.582153986,2048424
52,6454,57381,3401,8021,3069,1051,5238,0.7655470613,0.3084499232,0.7702444709,0.2327315279,1,1,0,-0.090390921,-0.405465108,0.4769838584,-0.371063681,0.2546422184,1.1600209168,-0.209146969,-0.510824711,-0.510264255,0.1783348317,-0.64515018,0.0392187901,0.9352510437,-0.582238994,1821132
53,13293,23322,2480,3711,1538,862,17044,0,1,0,0,0,0,0.6418386247,-0.09056744,-0.405465108,0.5715478275,-0.106462675,0.4067314513,1.221583201,-0.381766332,-0.512505781,-0.518366767,0.1783209225,-0.64504163,0.0391836305,0.9353129127,-0.591969582,1866621
54,383471,9670,1559,2015,2170,772,3439,0.2333468165,1,0,0,0,0,0.3525945433,-0.249877148,-0.405465108,0.5716650728,-0.10428542,0.4069106891,1.2213861282,-0.376770469,-0.591357658,-0.520728298,0.1783301751,-0.645094428,0.0391837355,0.9353131239,-0.588052018,1916256
55,17144,14002,1503,7702,3829,931,4658,0.7673868409,1,0,0,1,0,0,-0.249209085,-0.405465108,0.5712183088,-0.101092739,0.3155901492,1.2215147645,-0.204554815,-0.604603678,-0.520761414,0.1785411479,-0.645096317,0.0392509562,0.9353132646,-0.58822369,2033433
56,9210,3667,1423,24034,3926,849,4789,0,0,0,0.2318458701,1,0,0,-0.089461031,-0.115176356,0.5707081676,-0.249694025,0.315308313,1.2202990375,-0.208446745,-0.604622097,-0.530815966,0.1787017051,-0.645153121,0.0392511058,0.9353145382,-0.588181873,1878402
57,16391,4149,2009,26278,3576,795,3711,0,0,0.2582358674,0.2328652639,0,0,0,-0.088922616,-0.112554681,0.5247285289,-0.249724084,0.3162449696,1.2223872627,-0.205059988,-0.604628986,-0.551752151,0.1787744954,-0.645164831,0.0392506087,0.9353119393,-0.58836225,1884862
58,76744,4644,1122,5191,3375,946,2238,1,0.5911037851,1,0,1,0,0,-0.375186587,-0.327252589,0.5247285289,-0.249569517,0.3157189046,1.2219172725,-0.209369798,-0.61232287,-0.600927912,0.1788579891,-0.645156142,0.031454096,0.9353124625,-0.588523451,1908455
59,32381,8954,914,3427,3356,926,12181,0.2339284647,0.3038178866,0.8511430582,0,0,0,0.3595983481,-0.371063681,-0.326417487,0.5247285289,-0.103094473,0.4074443697,1.2219110001,-0.378534541,-0.611036999,-0.612939906,0.1788672681,-0.64499391,0.1105964851,0.935312514,-0.588001286,1999585
60,19889,31992,442,3548,6361,1018,3419,0.7667995853,1,0.1394939597,0,1,0,0,-0.371063681,-0.330062169,0.5247285289,-0.103870289,0.3293037471,1.2221848104,-0.206152734,-0.612914508,-0.618455255,0.1788752095,-0.644983268,0.1106501011,0.9353121798,-0.588413485,1829677
61,8031,18364,267,4343,4406,959,4184,0,0.6906068004,0,0,1,0,0,-0.087219331,-0.321971269,0.5530039596,-0.101252481,0.3293037471,1.2245697686,-0.20355699,-0.612915077,-0.618689914,0.1788833123,-0.645086964,0.1106501011,0.9353092597,-0.587993213,1740329
62,10506,6309,225,5180,4803,1105,8041,0,0,0,0,1,0,0,-0.091041134,-0.11399607,0.549981673,-0.104528509,0.3293037471,1.2238156264,-0.207494949,-0.586688628,-0.708711847,0.1788882563,-0.645080167,0.1106501011,0.9353101634,-0.58800266,2377478
63,11763,3974,158,3598,3615,716,5640,0,0,0,0,0,0,0,-0.088767779,-0.111887751,0.5630441093,-0.102447175,0.3293037471,1.2243287014,-0.205346256,-0.57931741,-0.709396611,0.1788933323,-0.640534899,0.1106501011,0.9353093159,-0.500307309,1686361
64,17063,7073,159,5575,5055,1142,9192,0,0,0,0,0,0,0,-0.106822421,-0.112470403,0.5533572255,-0.102904149,0.3293037471,1.2250779771,-0.205960903,-0.579322554,-0.612094402,0.1787298933,-0.640533906,0.118706165,0.9353083885,-0.500227794,2069503
65,12586,5752,117,4694,4299,767,7500,0,0,0,0,1,0,0,-0.106932638,-0.112563627,0.5536395277,-0.102970914,0.3293037471,1.2225527382,-0.206199297,-0.579336274,-0.725146494,0.1789189608,-0.640533761,0.118706165,0.9353118738,-0.500314072,1997131
66,12834,6299,100,4937,4491,519,8300,0,0,0,0,1,0,0,-0.105959207,-0.111506266,0.5558171525,-0.102114001,0.3293037471,1.2133623724,-0.210910013,-0.572464018,-0.724812052,0.1789288779,-0.640535623,0.118706165,0.9353240548,-0.50070151,2136640
67,9183,4915,56,3821,3528,204,5993,0,0,0,0,0,0,0,-0.108469079,-0.113676406,0.5816887689,-0.104275245,0.3293037471,1.2087814996,-0.214180204,-0.57245589,-0.724746753,0.178866869,-0.640536897,0.1195698827,0.9353297444,-0.50059108,2065704
68,10049,5750,52,4513,3907,137,7030,0,0,0,0,1,0,0,-0.104088933,-0.109399717,0.5567095817,-0.099549943,0.3293037471,1.2057901934,-0.230156789,-0.574112129,-0.511620026,0.1787633518,-0.640538082,0.1195698827,0.9353310448,-0.480046033,1903647
69,15590,8060,68,6502,4696,200,10086,0,0,0,0,1,0,0.6285381564,-0.107622406,-0.112955784,0.573593214,-0.103153415,0.3293037471,1.206217106,-0.235108557,-0.537129425,-0.512248774,0.1789248396,-0.640538299,0.1204094716,0.9353311889,-0.480055582,2026257
70,12793,10269,55,5792,3485,78,8124,0,0,0,0,0,0,0,-0.106601866,-0.112319525,0.5791917928,-0.103322773,0.4108752672,1.2147893571,-0.2305497,-0.536391957,-0.541780093,0.1784605555,-0.640532997,0.1204221904,0.9353211036,-0.479598622,1827170
71,36307,13105,43,4548,3283,49,5633,0.2331980096,0.2795617746,0,0,0,0,0,-0.249742657,-0.231660853,0.5545799233,-0.102545097,0.4095017761,1.2099032946,-0.229236325,-0.536379771,-0.54106381,0.1789739997,-0.640534686,0.1204216337,0.9353275614,-0.457148268,1893600
72,115739,7422,22,3470,3259,31,2941,0.766876741,0.8968244626,0,0,0,0,0,-0.527632742,-0.232282234,0.5741646505,-0.102980209,0.4097532209,1.2133326262,-0.220445623,-0.537209955,-0.542794888,0.17845678,-0.640533741,0.1204217356,0.9353243213,-0.454524084,1828941
73,14196,12554,19,5679,4513,26,6973,0,0.2765893908,0,0,0,0,0,-0.106461451,-0.231721508,0.5364933705,-0.102539889,0.4093672824,1.2027374129,-0.22245898,-0.536419711,-0.544263035,0.1789609162,-0.640534697,0.1204215792,0.9353349166,-0.45796697,2139977
74,442490,4292,8,3538,6839,21,4798,0.2322977416,0.0898880331,0,0,1,0,0,-0.83256949,-0.111506266,0.5364933705,-0.102114001,0.3293037471,1.2227474814,-0.221837325,-1.330863866,-0.544575762,0.1789609162,-0.640535623,0.1204328551,0.9353145595,-0.456633808,1856575
75,11683,6687,1309,3596,5720,456,73359,1,0,0,0,0,0,1,-0.102429745,-0.10721803,0.5799708982,-0.097907083,0.3293037471,1.227559602,-0.713349888,-0.50416106,-0.544713937,0.177269044,-0.460106239,0.1204328551,1.0072282787,-1.092023768,1824347
76,6543,579037,1625,15710,5759,594,6264,0,0.3568561599,0,0,1,0,0,-0.104076984,-1.237874356,0.578237042,-0.100805271,0.3293037471,1.2260001728,-0.222649085,-0.504161481,-10.44821473,0.1772680327,-0.612485655,0.1204328551,1.0072273964,-0.431572316,1841546
77,5065,3930,2108,160799,3959,627,1764,0,0,0,0.7686366979,1,0,0,-0.104076984,-0.110094106,0.5766810795,-0.527632742,0.3293037471,1.2266945443,-0.224882942,-0.504161481,-0.49391292,0.1772671252,-0.612537249,0.1204328551,1.0072278738,-0.431763615,1979772
78,8020,9463,1647,8744,2696,624,6123,0,0,0,0,0,0,0,-0.106399893,-0.11205689,0.5759553458,-0.102520043,0.4095381739,1.2260390174,-0.227601504,-0.50416277,-0.494679785,0.177266702,-0.612484589,0.1204216485,1.0072269514,-0.431690676,1739408
79,9602,49344,1791,5906,2969,636,3297,0.2305279671,1,0,0,0,0,0,-0.09969531,-0.413751699,0.5772850031,-0.095994467,0.410792258,1.2276878575,-0.222111577,-0.504161,-0.497536573,0.1730630369,-0.612486338,0.1204221567,1.0042857453,-0.566353102,2079329
80,40082,14712,2365,4880,2498,657,2934,1,0.7857789147,0,0,0,0,0,-0.376333501,-0.405465108,0.5750460336,-0.105803529,0.4085794604,1.2273510544,-0.230579169,-0.511437089,-0.512587144,0.1736525636,-0.612485447,0.1204212599,1.0068540142,-0.567614378,1949407
81,23664,4988,5163,7796,2639,671,4269,0.7673911334,0,1,0.2314670565,0,0,0,-0.371063681,-0.114125975,0.4637340162,-0.102479429,0.40947323,1.2277865804,-0.227485477,-0.504138036,-0.519552992,0.173696399,-0.612485712,0.1204216222,1.0068540775,-0.544248432,2081038
82,9063,7153,3323,9471,3178,740,6697,0,0.0810454953,1,0,0,0,0,-0.103234793,-0.102944894,0.4637340162,-0.193704308,0.3990994024,1.2274040561,-0.224595801,-0.504159337,-0.519523508,0.1736871707,-0.612490499,0.1144594016,1.0068540574,-0.544564615,1879900
83,8813,6024,2015,11424,2951,721,12715,0.7696377488,0,0,0,0,0,0.5824077891,-0.101987275,-0.089876393,0.574289834,-0.191412056,0.4092479297,1.2274047358,-0.328179693,-0.50416146,-0.519655519,0.1736279185,-0.612491149,0.1204215309,1.0068539718,-0.544398225,1949700
84,10811,4598,2064,27373,3248,723,6649,0,0,0,0.2314670565,0,0,0.7362898848,-0.101034101,-0.089443867,0.5745214352,-0.322746414,0.40947323,1.2261022378,-0.327619253,-0.504161303,-0.519683138,0.1736427495,-0.612440286,0.1204216222,1.0079227223,-0.542065152,1984531
85,30179,4415,2565,13385,4326,807,5351,1,0,0,0.2312070626,1,0,0.617704424,-0.247868662,-0.088092544,0.5738218586,-0.322417615,0.366312852,1.2268752041,-0.224180732,-0.504147626,-0.519799436,0.1736377466,-0.612440312,0.120432965,1.0079230444,-0.544582257,1966961
86,29679,11405,3404,11055,3932,726,4677,0.7660325739,0,0.779659859,0.2367147968,0,0,0,-0.247986651,-0.088634957,0.5018504876,-0.242305717,0.3664686632,1.2283515926,-0.218574145,-0.504147847,-0.519993132,0.1736965377,-0.612502876,0.1204334994,1.0079229312,-0.542630507,2138785
87,9039,41034,3335,8159,2948,824,3509,0,1,1,0.2325153471,0,0,0.1262788783,-0.248750054,-0.371063681,0.5013238196,-0.246160197,0.3663344494,1.2262424969,-0.222527738,-0.504149283,-0.520417941,0.1736728167,-0.612501663,0.1204327891,1.0079231452,-0.545163634,2131352
88,7842,19608,3531,15235,2010,826,4628,0,0.9291374736,1,0.2314479771,0,0,0,-0.106784557,-0.371063681,0.5017549968,-0.23574682,0.4100120056,1.2271559262,-0.220195176,-0.504163051,-0.519827768,0.168345445,-0.612523336,0.1204218405,1.0082968273,-0.541980935,1993190
89,7426,6638,3021,12355,1764,810,4712,0,0,1,0.7691233524,0,0,0,-0.112704393,-0.181109073,0.5002360341,-0.237677827,0.4066380704,1.2236637266,-0.226356679,-0.504162716,-0.519458105,0.1684964796,-0.612522288,0.1204204732,1.0082954646,-0.541777289,2155019
90,12124,7439,3265,14356,2293,922,7145,0,0.1464607849,1,0,0,0,0,-0.106504775,-0.178695562,0.5012007077,-0.233933265,0.408636995,1.2262806062,-0.220150156,-0.504161346,-0.519554589,0.1684169987,-0.612524321,0.1204212833,1.0082966146,-0.542752758,2118256
91,12583,6269,2259,9146,2473,886,10271,0,0,0,0,0,0,0,-0.266940249,-0.181094892,0.5733731959,-0.235831692,0.4086031943,1.2261869646,-0.391255049,-0.504169212,-0.519435679,0.1983493472,-0.61252329,0.1204212696,1.008296566,-0.55794012,2059015
92,19913,7046,2373,9995,3702,954,9715,0.7677022584,0,0,0,1,0,0,-0.265113882,-0.177208098,0.5738218586,-0.186785641,0.3139797477,1.2265878294,-0.38620198,-0.504169234,-0.519420818,0.1980794311,-0.612492447,0.1204722851,1.0082965848,-0.555875383,1998690
93,34075,6775,2364,19905,4506,893,5939,0,0,0,0.1757364643,0.7795891471,0,0,-0.44742962,-0.192455492,0.5735917328,-0.286336454,0.3138968094,1.2260776464,-0.389064095,-0.549206214,-0.520855678,0.1979791179,-0.612447988,0.120476405,1.0083278438,-0.56040009,2013834
94,37151,8705,2668,8510,4174,984,5166,0.1807876932,0.1471928655,0,0.7645747181,0.7803988994,0,0,-0.442336328,-0.259722199,0.5738218586,-0.283554354,0.3139797477,1.2263861968,-0.38620198,-0.551310812,-0.524844903,0.2012043722,-0.612447161,0.1191115429,1.0083277384,-0.571479327,2139472
95,21247,6149,2223,4722,2818,851,10093,0.7695196435,0.1137951615,0,0,0,0,0,-0.432988192,-0.257671846,0.5741023697,-0.18726118,0.314273616,1.2263830211,-0.421931522,-0.547488625,-0.524802974,0.2156379771,-0.612474504,0.0979156033,1.0083284786,-0.588901737,1949677
96,15959,4660,2359,7891,2747,888,18537,0,0,0,0.1779945109,0,0,0.7653375414,-0.268147501,-0.183953258,0.5729432358,-0.195986103,0.4082657001,1.2259582408,-0.635116361,-0.535624373,-0.524914065,0.2765375879,-0.612477899,0.01291528,1.0083285357,-0.733178777,2032719
97,15681,4896,2343,20435,2788,968,14355,0,0,0,0.5837107306,0,0,0.2637413123,-0.27593714,-0.183803626,0.5721655171,-0.285949273,0.4071550961,1.2230860946,-0.627041754,-0.5351297,-0.524841467,0.2765384992,-0.612448036,0.0129153056,1.0083262737,-0.717349771,1980400
98,21899,4688,1847,9100,2480,893,10259,0,0,0,0.1786012839,0,0,0,-0.269725724,-0.183803626,0.5721655171,-0.283052195,0.4180451184,1.2232191947,-0.391173597,-0.529637,-0.524843299,0.2848254091,-0.589120713,0.0129359934,1.0083264745,-0.569891519,2096034
99,14870,10158,2031,8258,2637,942,16582,0.1798553408,0,0,0,0,0,0,-0.270146534,-0.214690913,0.5761028349,-0.246036481,0.4191488616,1.2226224485,-0.44293687,-0.516524705,-0.524922979,0.3371842308,-0.437254193,0.0129361067,1.0083273948,-0.564001112,2105895
100,8736,37357,2027,5984,2696,934,8299,0,0.7516308746,0,0.7645747181,0,0,0.0054203664,-0.254971557,-0.371063681,0.5773486248,-0.245070034,0.4204904439,1.2230614189,-0.44095438,-0.550100531,-0.525136554,0.3358327285,-0.436636344,0.0129362445,1.0069270034,-0.562853865,1962490
101,9509,20249,2264,6591,2505,1020,7972,0,0.6247373525,0,0.5795784625,0,0,0,-0.187088808,-0.371047869,0.5694785353,-0.241898079,0.4186187472,1.2169634532,-0.382164381,-0.598267367,-0.524846565,0.2944515882,-0.436653393,0.0129402286,0.9570522492,-0.569113902,1962608
102,10213,22903,3053,6396,2761,1320,8387,0.1801682421,0.1130337505,0.1793945477,0,0,0.7366258698,0,-0.186736738,-0.361573709,0.5030607098,-0.17343404,0.4125042295,1.1753346556,-0.382367753,-0.601650989,-0.526792492,0.2946317758,-0.436684372,0.0129223494,0.957065516,-0.569236883,2054413
103,8714,53630,2733,5303,2758,1224,6822,0,0.7448080754,0,0,0,0.7413568284,0,-0.178653317,-0.371063681,0.5062282506,-0.169078773,0.4141405443,1.1766551298,-0.378780828,-0.597812194,-0.530717546,0.295662543,-0.436810265,0.012922424,0.9570627173,-0.570275749,2020983
104,164300,7434,3404,3492,2332,1090,4158,0.583556985,0.7404271821,0.7665131199,0,0,0,0,-0.376196936,-0.364329449,0.4973885617,-0.185393747,0.4131320955,1.1766554019,-0.21334311,-0.580362912,-0.545707319,0.2790277475,-0.47536886,0.0129222307,0.9555563399,-0.572739481,2005664
105,16670,4409,9038,6958,2171,1106,9281,0,0,0.7718909756,0,0,0.7436018504,0,-0.195646689,-0.184855561,0.4054651081,-0.241950273,0.411666741,1.1755692003,-0.218937974,-0.566189353,-0.552597614,0.1180030381,-0.597904035,0.0129208723,0.9309869625,-0.580440967,2042842
106,35180,5038,3616,6055,2299,908,8211,0.6210819246,0.0120122758,0.5976234551,0,0,0.5707776484,0,-0.296992933,-0.217435652,0.4203235805,-0.259791243,0.412100622,1.180635538,-0.249213375,-0.566190053,-0.55987516,0.118612604,-0.610527856,0.0129439368,0.9305918401,-0.572692414,2039104
107,10692,9835,2388,17540,2560,773,7957,0,0.7412046413,0,0.8658657171,0,0,0,-0.181528138,-0.298719367,0.5751490786,-0.317008326,0.4125848909,1.2233262337,-0.247266507,-0.566188347,-0.560114473,0.2208852158,-0.611733221,0.0129434809,0.9240219948,-0.560500785,1895518
108,10345,9739,2146,8784,2443,822,8250,0,0.8606991424,0,0.7338426401,0,0,0,-0.183165659,-0.299184995,0.5756646378,-0.3128518,0.4128820646,1.224079324,-0.249269393,-0.566197372,-0.560285505,0.284037657,-0.613331461,0.0129449255,0.9147439351,-0.570091005,1981458
109,10295,11800,3117,5809,2702,778,8845,0,0.8650732403,0.0194797022,0,0.017342199,0,0.0409850876,-0.186776378,-0.320977723,0.5363246981,-0.241637715,0.4093709705,1.2287870906,-0.204526245,-0.566192629,-0.560420698,0.2839999171,-0.613326141,0.0129425833,0.914731633,-0.582960241,1935371
110,25115,14745,4663,5352,2957,791,13347,0.0046187572,0.4790567555,0.5243435132,0,0,0,0.2642369404,-0.237271359,-0.387620921,0.4054651081,-0.245878254,0.3957623081,1.2285848986,-0.213131984,-0.570768492,-0.560498706,0.2837334838,-0.613234508,0.0129241015,0.9147317928,-0.590623146,2178004
111,44756,10927,4232,4439,3896,712,6522,0.9264024255,0.8867003054,0.8498321839,0,0.9660671982,0,0.2590625139,-0.376675936,-0.38792119,0.4054651081,-0.248823487,0.3182915154,1.2280263883,-0.212242689,-0.5662032,-0.560218163,0.2752081473,-0.614565843,0.0129569936,0.9147307174,-0.610629916,2140019
112,18188,14772,4218,4769,3132,757,5979,0.9274716327,0.4501529301,0.3903537713,0,0.9664057924,0.0228210468,0,-0.363324454,-0.388610743,0.4054651081,-0.245878254,0.3239226719,1.2208187539,-0.193876084,-0.5661977,-0.557298939,0.2296188853,-0.623045794,0.0129646875,0.9147197827,-0.61072314,1877713
113,6643,95777,3870,4530,2485,844,4381,0,0.9809795266,0.980461333,0.0067179283,0.0177054708,0.9431653821,0.0059819157,-0.186084495,-0.529262893,0.4057154768,-0.265083015,0.3901752965,1.1902878695,-0.207990342,-0.566154913,-0.556587984,0.1513083851,-0.636311733,0.012925933,0.9147067192,-0.610663572,2006472
114,12944,4020,3008,15350,3562,785,9693,0.0046641161,0,0.9577751995,0.8473838835,0.9792961181,0.9114528641,0.4265602143,-0.221414051,-0.187742151,0.4195531852,-0.319630736,0.3171228459,1.1945262227,-0.220694542,-0.564920637,-0.553137317,0.1512965812,-0.636304076,0.0129560055,0.9147024551,-0.610853985,1990230
115,25603,3313,1619,6746,3474,780,8578,0.483488868,0,0,0.8460660241,0.9796640213,0,0.8384941787,-0.376624176,-0.187208206,0.5769502947,-0.313751129,0.3182324838,1.2290031463,-0.222156342,-0.563216757,-0.554763212,0.1514192445,-0.636303754,0.0129572878,0.9147323709,-0.610820158,2431995
116,19535,5023,1318,3999,1971,553,5754,0.4811685622,0.005526991,0,0,0.9625611482,0,0.2565493652,-0.376566515,-0.22796305,0.5759867764,-0.24558185,0.3275362194,1.2277087164,-0.213971407,-0.563220726,-0.54835966,0.1513274807,-0.63631687,0.0129669413,0.9150201123,-0.610692439,1715724
117,22847,19859,1991,4806,2353,830,6214,0.4811685622,0.4088048737,0.0239223504,0.441346042,0.0172581012,0.0351028056,0.5843173539,-0.376566515,-0.299053359,0.5610287877,-0.24558185,0.3925433871,1.2155089626,-0.194410382,-0.563220726,-0.533649168,0.1513013146,-0.636300873,0.0129230525,0.9200000361,-0.610654251,1970439
118,21886,7536,2241,8305,3249,949,5702,0.93209039,0.7730527893,0.9468419534,0,0.9835561101,0.9395913597,0.0049743172,-0.376464737,-0.293284749,0.4973133081,-0.301546463,0.3172473855,1.1605957546,-0.190512075,-0.563215472,-0.528725013,0.1512756872,-0.63629727,0.0129557112,0.9337465204,-0.610177697,2002062
119,13582,2796,1671,11027,2488,803,4631,0.4648989605,0,0.8159317173,0.4141581128,0.9831730078,0.3692749094,0,-0.368777043,-0.185986324,0.4954445278,-0.428026638,0.3164534524,1.1615550161,-0.18915457,-0.563193953,-0.528665378,0.1511474018,-0.636362672,0.0129561269,0.9335263952,-0.566978048,2160359
120,12085,3954,2182,13866,2471,741,6160,0.0046187572,0,0.9465498014,0.2976457943,0.9664057924,0.911506431,0,-0.207610987,-0.182739898,0.4970023944,-0.428070986,0.3317892061,1.1735274981,-0.190512075,-0.563158533,-0.528709532,0.1513146465,-0.640787179,0.0129625957,0.9296240535,-0.565309462,1980543
121,35222,5891,3504,17622,2699,843,7601,0.4470542375,0,0.4941325871,0.3011000279,0,0,0.4224497928,-0.263701551,-0.184688564,0.4967256215,-0.428039514,0.4119885235,1.2279911065,-0.192028168,-0.563168806,-0.533685911,0.151292115,-0.646759797,0.0129457664,0.9230792141,-0.565035759,2011829
122,14006,55342,3134,13157,2578,862,7170,0.8933209839,0.3347154816,0.9451679153,0.862058579,0,0,0,-0.25838695,-0.261501749,0.4955317649,-0.427994013,0.4109470682,1.227007085,-0.194613675,-0.563163816,-0.537972106,0.1513415573,-0.646758629,0.0129470056,0.9230787325,-0.564102929,1864750
123,10061,33826,3364,11556,2747,822,30295,0,0.861002137,0.3561962046,0.4248515341,0,0,0.1378283697,-0.178162966,-0.258028525,0.4978187993,-0.42826212,0.4125848909,1.2289673326,-0.203914608,-0.561299943,-0.52829424,0.1522344821,-0.646876759,0.0129450569,0.9230798069,-0.563749584,1965707
124,10958,8597,2978,16377,2352,961,6366,0,0,0.9295515479,0.3012851448,0,0,0,-0.177255688,-0.180840391,0.5063663362,-0.426465054,0.4133006961,1.2293711416,-0.187558727,-0.550156768,-0.527364722,0.1685934737,-0.652291382,0.0129435791,0.923150623,-0.583986275,2041411
125,9815,5922,2135,17895,1417,842,6103,0,0,0,0.8109221616,0,0,0,-0.177556791,-0.180933223,0.5765681387,-0.407165744,0.4093785202,1.228480046,-0.188592381,-0.572733405,-0.527393487,0.1989698814,-0.67989605,0.0129426901,0.923747098,-0.606808813,1895580
126,8681,4981,1924,15972,859,933,5793,0,0,0,0.3564549454,0.0363260232,0,0,-0.178798946,-0.182941027,0.5757732625,-0.407668763,0.3891746345,1.2275755971,-0.18661316,-0.677628247,-0.52733871,0.2090982366,-0.681135321,0.0171137533,0.927875311,-0.545557065,1996714
127,11098,4819,2537,42231,3224,1061,7128,0,0,0.0350439918,0.9350123587,0.3361938798,0.0311881962,0,-0.183660508,-0.180699352,0.5676237841,-0.42053302,0.3513591002,1.226870613,-0.188676183,-0.677828497,-0.527286948,0.2274109895,-0.712250784,0.0825469816,0.9341932036,-0.545656572,2202714
128,44930,4035,2858,25970,4125,1049,6505,0.1129678849,0,0.9811630976,0.0113961482,0.3519101868,0.9751838875,0.0004235383,-0.202393408,-0.182108068,0.5144394468,-0.266433937,0.3511907215,1.2175975768,-0.193437914,-0.689632522,-0.527613846,0.2274964494,-0.703658619,0.0826148185,0.9341618484,-0.550494466,1957184
129,8189,4066,3962,268543,4659,1077,14377,0.5784433055,0,0.5055892808,0,0.9514279928,0.37464569,0.028635211,-0.200051249,-0.184340294,0.5180052132,-0.551504931,0.3509302709,1.2166821781,-0.364895621,-0.698475446,-0.540599639,0.2274866647,-0.985809932,0.0839398155,0.9341609763,-0.800413676,1980994
130,9399,25144,2691,14167,4591,990,148541,0.0275236665,0.1045581357,0.0294214691,0,0.9514279928,0.0348180278,0.4043419565,-0.180556074,-0.197460133,0.5648143794,-0.272799336,0.3509302709,1.2256295812,-0.426755257,-0.671968153,-0.621766647,0.2276231882,-0.709318919,0.0993385392,0.9341905063,-1.045580612,2099286
131,25698,413552,2876,32599,3768,989,29814,0.0384686534,0.9638026458,0.3709568787,0.0225010129,0.9514279928,0.9753166005,0.4047654948,-0.324803092,-0.932983162,0.4951996746,-0.422074638,0.3509302709,1.2159773691,-0.39899778,-0.667590832,-1.305906047,0.2275397701,-0.748111179,0.0998799431,0.9341636232,-0.924894701,1996128
132,84595,3197,2926,44921,3294,1161,10507,0.8539427721,0,0.8213749423,0.9857694064,0.9500464647,0.9745263728,0.3990664639,-0.693147181,-0.200448329,0.4965232737,-0.69652328,0.3517507563,1.2055595198,-0.321063124,-0.732521832,-0.67034321,0.2275664155,-0.702807885,0.0998782506,0.934175271,-0.762528782,1998538
133,24509,3452,3371,49987,3504,1571,3808,0.9793996954,0,0.8218023049,0.9742120501,0.3600153047,0.4232454682,0,-0.661993671,-0.19302943,0.4992554957,-0.693147181,0.345370693,1.0952733874,-0.194871711,-0.704119392,-0.670520783,0.2276698213,-0.707905496,0.1017040847,0.9340221916,-0.761131059,2039246
134,8090,3391,2733,22952,3913,1661,6656,0.5705978098,0,0,0.9745866321,0.9837318833,0.975218694,0,-0.178294013,-0.189814886,0.5755591483,-0.663346584,0.3139330991,1.0952733874,-0.193924958,-0.655230986,-0.669999473,0.2294242704,-0.729281391,0.1155963617,0.9338525455,-0.760819202,1896259
135,8856,6508,2857,7734,3754,1679,7775,0.440256259,0,0.0082000092,0,0.398972995,0.9751331535,0,-0.179481091,-0.251822868,0.5671850424,-0.248847266,0.3185124987,1.0952733874,-0.195221513,-0.655226864,-0.665385864,0.2322057207,-0.634031417,0.1354253036,0.9333948352,-0.760382814,2123087
136,7424,14588,3014,5087,2326,1310,7736,0.4433754921,0.9517716589,0.5264857608,0,0,0.4186531133,0.5794210766,-0.178604491,-0.434924383,0.5140706853,-0.24722935,0.4115439825,1.0988910136,-0.237940884,-0.655232169,-0.665702075,0.2322146541,-0.657055804,0.1354501284,0.9347162943,-0.760826206,2163787
137,8514,11723,2953,4353,2291,769,16132,0.4433754921,0.5061841485,0.549377578,0,0,0,0.9055274773,-0.188724697,-0.435075031,0.5140706853,-0.265821175,0.4115439825,1.2272623729,-0.260630678,-0.655232585,-0.665947052,0.2359663619,-0.617298802,0.1503483941,1.0054880784,-0.76132823,1885096
138,12819,12408,3246,6061,2039,925,10150,0,0.8810552219,0.4266200741,0,0,0,0.332263157,-0.274654859,-0.432310835,0.5140706853,-0.334273645,0.4111427967,1.2274939521,-0.254409187,-0.655247637,-0.665568683,0.2356530519,-0.68502311,0.1789990925,0.9854597181,-0.760829243,1974981
139,21956,3942,3185,7472,1776,979,4858,0.4119835476,0,1,0.0017513248,0,0.0096053238,0,-0.423327714,-0.211558797,0.5145876433,-0.355935482,0.4124584191,1.2189673748,-0.196447012,-0.655257414,-0.666374131,0.2357407456,-0.644314186,0.1790001188,0.9854831212,-0.759970341,2099150
140,20784,7625,3231,13155,2207,1484,4784,0.9724763335,0.9985596103,1,0.4237735176,0,0.4449650732,0,-0.423399308,-0.298858221,0.5140706853,-0.440693814,0.4115439825,1.1667134929,-0.193924958,-0.655260587,-0.665665254,0.23576898,-0.64434119,0.1789989805,0.9790009898,-0.760819202,2289219
141,18494,6906,2031,10882,2010,1333,4142,0.9724763335,0.5375517317,0.5583877994,0.9737868628,0,1,0,-0.423399308,-0.298858221,0.5140706853,-0.440693814,0.4115439825,1.1669500164,-0.193924958,-0.655260587,-0.665618083,0.2371288446,-0.64434119,0.1789989805,0.9333585461,-0.760819202,2157535
142,20511,6253,2871,12801,3448,1456,6137,0.9665763094,0.9988859342,1,0.5554079777,0,1,0.009941197,-0.422166215,-0.296106005,0.5142715805,-0.440051515,0.387318131,1.1669086833,-0.217818394,-0.655270391,-0.665834716,0.2402179158,-0.644339719,0.1686040767,0.9333596609,-0.703126161,2329793
143,15812,5100,2721,12152,4855,1274,11001,0.9664980493,0.1122377476,1,0.5538814898,0.4247849137,1,0.3493112738,-0.416895529,-0.206682415,0.5147975433,-0.439956737,0.2546422184,1.1718968828,-0.231664792,-0.655250592,-0.665663217,0.2402580674,-0.644339823,0.1171626843,0.9333693289,-0.66932316,2040367
144,9071,9687,2749,13639,5370,987,9618,0,1,0.4537137731,0.4282843359,0.4331150964,0,0.3396930069,-0.239651855,-0.299583339,0.5115421589,-0.4411363,0.2546422184,1.2236986912,-0.22698965,-0.655246716,-0.665753885,0.2402499236,-0.644341472,0.0334966697,0.933352873,-0.672936304,2021769
145,7851,7431,2553,10736,4973,810,7537,0,0.9198094349,0.4614098293,0.8542151301,0.4466914005,0,0.3571051972,-0.239568439,-0.296095795,0.5137948058,-0.440304401,0.2546422184,1.2265452409,-0.246635647,-0.655231111,-0.665806182,0.2402528795,-0.644338628,0.0334966697,0.9334062433,-0.666632585,2129384
146,18625,5263,2538,9167,5419,939,8010,0.4136588948,0.9149649451,1,0.9692097481,0.4193917854,0,0.3417605671,-0.300519589,-0.293917841,0.5138409921,-0.435071123,0.2546422184,1.2274291037,-0.266311899,-0.655241852,-0.665733627,0.2405928993,-0.644338359,0.0334966697,0.9671364848,-0.704508253,2054689
147,12982,3879,1760,9349,4668,881,8989,0.5357477608,0.0382351239,0,0.0120563354,0.4303103864,0,0.3386468936,-0.29643308,-0.185478769,0.5741837063,-0.358755162,0.2602595575,1.226173989,-0.264384165,-0.655242933,-0.665345698,0.2407052899,-0.644318852,0.0334970487,1.0080463628,-0.705150414,2214358
148,8999,3647,1804,13584,2526,906,8367,0,0.0298693173,0,0.4461634231,0,0,0.3444540545,-0.238113583,-0.18369687,0.5744579848,-0.440422416,0.4116318403,1.2260962597,-0.267923106,-0.655241175,-0.665562772,0.2372924379,-0.644339114,0.0334657776,1.0046863321,-0.703714177,2027718
149,9723,3741,1829,13246,2574,842,8427,0,0.4803630243,0,0.8534684189,0,0,0.3378919831,-0.238071788,-0.180418079,0.5754514706,-0.451917516,0.4117138768,1.2279559321,-0.263968466,-0.655233174,-0.665569522,0.2373006434,-0.644346062,0.0334675438,1.0046867667,-0.70559993,1980912
150,9753,3908,1735,13862,2514,797,8119,0,0.4805523315,0,0.5762421563,0,0,0.3364749669,-0.23844869,-0.183200375,0.577068258,-0.523039126,0.4120939163,1.2291172574,-0.263150125,-0.655240772,-0.658922161,0.2373066276,-0.63974648,0.0334678635,1.0046870296,-0.705175775,2072139
151,24560,4005,1878,11116,2398,851,7115,0.9707407153,0.0265584213,0,1,0,0,0.3371664446,-0.410545541,-0.198769894,0.5764840334,-0.523047945,0.4120269171,1.2288020079,-0.263563758,-0.650268242,-0.561805659,0.241342313,-0.639755181,0.0334678008,1.0048088335,-0.705535787,1940679
152,12650,32121,2375,9542,2510,940,6528,0.9711842176,1,0,0.4499866547,0,0,0.332263157,-0.390081495,-0.415867527,0.5758941164,-0.523172738,0.4116525295,1.2284817462,-0.260630678,-0.650181125,-0.602698304,0.2691610951,-0.639699749,0.0334670698,1.0065204731,-0.706986095,2008268
153,8522,6931,2876,12622,2103,1044,7481,0,0.0040354259,0,0.4570638856,0,0,0.3382710664,-0.243196646,-0.227345771,0.5763035354,-0.523050976,0.4118221901,1.2287765022,-0.264347043,-0.655249626,-0.611333368,0.2691441117,-0.639758172,0.0334681486,1.006589511,-0.705113401,2070750
154,8076,5828,3258,13092,2381,1059,7532,0,0.089872373,0,1,0,0,0.332263157,-0.218051851,-0.228119832,0.5758941164,-0.522991252,0.4115439825,1.2274573851,-0.260630678,-0.658684131,-0.611565754,0.2695124914,-0.639699243,0.033467349,1.0072519217,-0.707511088,1979990
155,10483,5181,3224,14011,2540,1213,7605,0.1259551256,0.0040137014,0,1,0,0,0.335711899,-0.218544195,-0.227585582,0.5758944078,-0.523030835,0.411798984,1.2278058663,-0.252598051,-0.685372784,-0.609350388,0.2692539513,-0.639738299,0.0334675876,1.0072520108,-0.686981594,1977040
156,7944,4140,2399,18669,2407,1014,4962,0.436852311,0.0039776818,0,0.4577208683,0,0,0,-0.219596449,-0.227705636,0.5754397712,-0.52305652,0.4117923382,1.227153243,-0.197063932,-0.687296272,-0.609348806,0.2653463689,-0.639763642,0.033470981,1.0075931942,-0.674350558,2009671
157,7212,28923,2600,8979,2638,849,4169,0,0.4781513086,0.012805468,0.8851813934,0,0,0,-0.220455728,-0.523184691,0.5668522543,-0.501967399,0.4119742777,1.2281145259,-0.200846536,-0.699482876,-0.605512461,0.2608840982,-0.645409691,0.0334687228,1.0080668787,-0.670328095,1915946
158,106377,8213,3307,3021,2484,902,1955,1,0.5476435214,1,0.4346509069,0,0,0,-0.529343351,-0.5230866,0.5222164418,-0.335660881,0.4115943804,1.2273371448,-0.197679286,-0.699190062,-0.607610724,0.2608528284,-0.727282638,0.0334683583,1.0083449212,-0.67383942,1996239
159,9538,12285,2572,6878,2284,876,4931,0.0119096954,0.9153377835,0.997574458,0,0,0,0,-0.218150354,-0.50251746,0.5232973134,-0.337710225,0.4110411363,1.2269902011,-0.197213535,-0.696009428,-0.607606452,0.2608586449,-0.727258729,0.0334685481,1.0083448949,-0.674205686,2060895
160,9218,4029,1261,18817,2373,1052,4483,0,0,0,0.5748995564,0,0,0.3301352295,-0.222306542,-0.226879987,0.5746675184,-0.523025335,0.4106054816,1.2273412065,-0.196062138,-0.699682375,-0.612198793,0.260868968,-0.722651709,0.0334685398,1.0083447523,-0.675320671,2111009
161,6232,65511,977,5275,2236,997,2971,0,1,0,0.4203031382,0,0,0,-0.218989456,-0.527632742,0.5744839917,-0.337648398,0.4104609666,1.2269401624,-0.196062138,-0.710639197,-0.612173166,0.2792558452,-0.727263389,0.0334684337,1.0083442599,-0.675769223,2000339
162,8444,5669,2094,6705,2601,1055,19179,0,0,0,0,0,0,0.3301352295,-0.218185278,-0.228436241,0.5745338789,-0.337648398,0.4106054816,1.2267747178,-0.262340651,-0.710645782,-0.61212402,0.3279226861,-0.726723059,0.0334685398,1.0083445432,-0.706758347,2207720
163,8140,5448,1964,9777,2754,1141,6980,0,0.3846237382,0,0.4215274623,0,0,0,-0.21803813,-0.227568601,0.5748054909,-0.337340865,0.4108715118,1.2274771574,-0.197225413,-0.711321444,-0.612119344,0.2809283578,-0.714247852,0.0676486686,1.0083455923,-0.62236595,2087015
164,47760,3746,1815,5464,2634,1139,3826,1,0.8349226696,0,0.1197224718,0,0,0,-0.527632742,-0.228220273,0.5745338789,-0.337648398,0.4106054816,1.2270302128,-0.196319653,-0.712881784,-0.612120581,0.3063298836,-0.70213014,0.1321893661,1.008344864,-0.669339901,2003374
165,30094,3821,1722,5336,2685,1054,3736,1,0.3825807893,0,0,0,0,0,-0.449840869,-0.227624744,0.5745338789,-0.337648398,0.4106054816,1.2246818126,-0.196062138,-0.713799636,-0.612124084,0.306030515,-0.763943197,0.1425703483,1.0046878943,-0.668393518,1968812
166,8433,5199,1763,9817,2888,1381,6472,0,0.3804063726,0,0,0,0.9746568981,0,-0.218336011,-0.227526709,0.5750088936,-0.337648398,0.4104609666,1.2085525339,-0.196062138,-0.713767265,-0.612133146,0.3399270751,-0.905323425,0.1511640183,0.9345771182,-0.742425273,1917450
167,8095,5293,2060,10042,2651,1295,6999,0,0,0.0053918793,0,0,0.9748429202,0,-0.218185278,-0.227284075,0.5675515424,-0.337648398,0.4106054816,1.209632879,-0.196062138,-0.713773616,-0.612124047,0.3399547022,-0.909052362,0.1544600876,0.9214890477,-0.7521906,2406463
168,6355,4043,2224,7787,1956,607,5396,0,0.3588765147,1,0,0,0,0,-0.218777045,-0.227603059,0.5275921281,-0.337914876,0.4106054816,1.2279329422,-0.196062138,-0.711534451,-0.612126232,0.3231021509,-0.947439707,0.1544657924,0.9039460469,-0.752072856,1772688
169,21779,3665,2706,28588,2299,934,3013,0.5599723694,0.3588765147,1,0.5748995564,0,0.0078121278,0,-0.435882843,-0.227580436,0.5276860489,-0.527632742,0.4106054816,1.2178024859,-0.197109335,-0.700713718,-0.612126225,0.2316387396,-0.947438827,0.1553140833,0.9203108959,-0.751938395,1990984
170,21412,3842,2691,6730,2456,1273,4166,0.5599723694,0.0038809994,1,0,0,1,0,-0.435882843,-0.232424492,0.5275921281,-0.337648398,0.4104609666,1.1672211972,-0.191902828,-0.699183214,-0.676899817,0.2282123626,-0.947439036,0.1556880891,0.9201566369,-0.753093739,1974978
171,6489,7351,2208,8664,2157,1180,3848,0.1224446034,0.1637045414,0.9990199774,0,0,0.9926605958,0,-0.217352031,-0.275772002,0.5317246016,-0.336289601,0.4119894773,1.1731552159,-0.173264748,-0.701616825,-0.769307602,0.1554984934,-0.947393682,0.1561881312,0.9199144387,-0.751107266,2380263
172,6031,6245,3213,7710,1630,653,3303,0,0.1621741814,0.0715344441,0.4251004436,0,0,0,-0.218435279,-0.276122284,0.5339645641,-0.337648398,0.4106054816,1.2273741703,-0.168823684,-0.701611684,-0.769282866,0.1644165828,-0.885247064,0.1561870209,0.9199218015,-0.752771552,1798664
173,6518,5604,3115,94138,2346,945,2798,0,0.1627102462,0.9947184703,0.122488716,0,0,0,-0.218435279,-0.269379037,0.4813698041,-0.42268089,0.4106054816,1.2271671428,-0.168823684,-0.701619129,-0.769277016,0.1840311305,-0.670409263,0.1561949181,0.9351147478,-0.752771552,1880261
174,37254,6543,3250,53156,3884,1347,7821,0.0055227921,0.3967668012,1,1,0.4165202925,1,0.4304070613,-0.349463676,-0.350551886,0.5291467427,-0.527632742,0.3742218668,1.2111541621,-0.269698216,-0.701569673,-0.810228716,0.2665538525,-0.651567569,0.1628842318,0.9973512911,-0.757094069,1911423
175,11692,5283,3721,17972,4105,931,4348,0,0,0.08844637,0,1,0,0.563833323,-0.218435279,-0.226879987,0.5336892621,-0.337883572,0.3742218668,1.22746298,-0.170002443,-0.700684792,-0.709599395,0.2554935935,-0.737088969,0.1723158166,0.9875256821,-0.776739176,1913221
176,7592,50642,1983,11676,3881,923,2913,0,0.9866230983,1,0,1,0,0.4113559709,-0.218435279,-0.372824815,0.4637340162,-0.337783976,0.3747578205,1.2270302128,-0.173864752,-0.700679819,-0.774198728,0.2190385641,-0.73707364,0.1742510715,0.9593859297,-0.776133305,1976232
177,8884,31611,1978,12519,3091,963,3694,0,0.915048881,0.4643561008,0,1,0,0,-0.218435279,-0.371200053,0.4777203972,-0.337648398,0.3763426352,1.2271464441,-0.174698621,-0.700679819,-0.760271872,0.2190178665,-0.736988786,0.1931184394,0.9593856922,-0.775990477,1915817
178,8829,6365,1971,12380,2336,986,3972,0,0,0,0,0,0,0.0039512585,-0.22242444,-0.227133328,0.5766566271,-0.337677591,0.4103697546,1.2298070882,-0.175056153,-0.70067915,-0.746858312,0.2191458558,-0.736990807,0.1931371922,0.959372968,-0.775938431,1922775
179,7670,5182,2018,8426,2947,995,25655,0,0,0,0,0,0,0.4524114203,-0.218917171,-0.226879987,0.5920342294,-0.317041032,0.4039563001,1.2424007221,-0.352765006,-0.700678484,-0.736812404,0.218872754,-0.733047447,0.1795123012,0.9704321989,-0.775936827,2025957
180,5591,6883,2088,115733,4063,1221,2742,0,0,0,0.5706795188,1,0,0.0388768351,-0.218435279,-0.231384928,0.5923738126,-0.528173441,0.3742218668,1.2420268406,-0.230812702,-0.700688082,-0.697301898,0.2187244794,-0.726587399,0.1604498133,0.9851285897,-0.771188434,1804675
181,5914,433634,2236,19530,3919,1025,4066,0,1,0.0102578488,0.5742424888,1,0,0.8276457883,-0.2204179,-0.943087237,0.5783549488,-0.523540044,0.3720342677,1.240097359,-0.277923256,-0.700677955,-0.719956622,0.2189120612,-0.726567731,0.1492375565,0.9930928924,-0.77117817,2085160
182,5975,6018,3006,8828,3501,910,19398,0,0.0130232463,1,0,1,0,0.9662465731,-0.218435279,-0.255652143,0.5127990618,-0.320602664,0.3744791525,1.2421310737,-0.278589733,-0.701924891,-0.718827051,0.2188708737,-0.725436409,0.130765113,0.9956408984,-0.777069544,1952339
183,85235,4475,2665,14486,3539,977,6390,1,0.9960565261,1,0.8590205969,1,0.003239765,0.4273719777,-0.693147181,-0.378512461,0.5127991939,-0.527632742,0.3742218668,1.2373561247,-0.276496066,-0.705694021,-0.718178006,0.2190201059,-0.720947912,0.1236192951,0.9651140834,-0.783218762,1899352
184,34022,8559,2335,3261,3100,1154,4019,1,0.995945241,0.9975346412,0,1,1,0.454740609,-0.527701373,-0.372677545,0.5166748234,-0.317024595,0.3748040511,1.2038426967,-0.292819766,-0.7079912,-0.698057673,0.2169802134,-0.720854341,0.1222265913,0.9622331418,-0.781983422,1979818
185,32618,3403,1564,4391,3680,1255,4004,1,0,0.3730600692,0.4777892988,1,1,0.6311889579,-0.527816306,-0.228146105,0.5923738126,-0.317614442,0.3617421154,1.2036193097,-0.293463389,-0.686695289,-0.687633223,0.2014852052,-0.721108503,0.1222284845,0.9478317495,-0.782272677,1963744
186,21741,3264,4055,19160,4344,1258,3201,1,0,0.6414422607,0.6153691876,0.5209133178,0.548026276,0.4774909933,-0.507601047,-0.227003683,0.4637340162,-0.527632742,0.3074846997,1.2036193097,-0.299996057,-0.691901139,-0.688348164,0.1985033201,-0.720942464,0.1222388714,0.9458822118,-0.783097699,1982027
187,12314,3446,1625,5486,4047,1218,8095,0.9525127334,0,0,0.4547625548,1,1,0.9638433366,-0.31596384,-0.226546784,0.5923738126,-0.316806731,0.3074846997,1.203711552,-0.304171355,-0.696675008,-0.687005427,0.1985899571,-0.721048665,0.1222388714,0.945882215,-0.798658403,2081587
188,14621,3201,1614,5181,3531,1112,8510,0.2364237834,0,0,0,1,0.9783356661,0.9545471728,-0.316245159,-0.224877721,0.5923738126,-0.316806731,0.3074846997,1.2090035123,-0.302422476,-0.696675344,-0.679465642,0.198570192,-0.720515087,0.1222388714,0.9424823183,-0.79936086,1935682
189,13453,4224,1779,7395,4330,895,3636,0.2586089849,0,0,0,1,0,0.4289633088,-0.307778098,-0.224795034,0.5925338393,-0.317174221,0.3074846997,1.2421874225,-0.19914269,-0.696652927,-0.658185275,0.1985555298,-0.716199365,0.1222388714,0.9400381436,-0.80055621,2071574
190,7164,4521,2056,53003,4379,1300,3696,0.0309319027,0,0,0.7128508284,1,0,0.0479015625,-0.235827183,-0.228894555,0.5923738126,-0.527632742,0.3074846997,1.2415277204,-0.283745153,-0.696636438,-0.591858843,0.1985664232,-0.716160777,0.1222388714,0.940044281,-0.799332336,2027212
191,11257,3916,1965,24846,3381,1257,10774,0.9641336562,0,0,0.869400465,0.9856250208,0,0.6970102769,-0.290580961,-0.229902601,0.5923738126,-0.511689524,0.316324202,1.2420991126,-0.391905949,-0.696635487,-0.614665099,0.2067287687,-0.716166293,0.1238799382,0.9495607955,-0.801921209,2105241
192,10380,17579,1947,6284,2200,1247,12086,0.9495529715,0.9696767595,0,0,0,0,0.7359009259,-0.290580961,-0.365271823,0.5894694462,-0.324117038,0.3665842946,1.237492665,-0.418741803,-0.696642225,-0.627785657,0.2469195428,-0.716138651,0.1495209485,0.9906867629,-0.80407472,2016916
193,14734,4723,2303,8228,2413,1143,12492,0.7609819198,0,0.024129799,0,0,0,0.7587756625,-0.285729462,-0.225538852,0.5544884884,-0.324231468,0.3719252286,1.2190441957,-0.430681735,-0.696637691,-0.628086325,0.2466894717,-0.716176211,0.1632774785,0.9907118714,-0.80373782,2173341
194,8859,4399,2922,8487,2324,1103,11396,0.0057912219,0,0.7198986296,0,0,0,0.8082631311,-0.219303832,-0.200020446,0.5154682437,-0.324816395,0.372175044,1.2183408135,-0.451879277,-0.696639126,-0.627760344,0.2465822973,-0.71615027,0.1773615371,0.9907182782,-0.792907299,2122264
195,15484,10832,2709,8175,2390,1893,3495,0.9310356818,0.9805928177,0.6813570928,0,0,1,0.0232442225,-0.291227021,-0.289098289,0.5158633293,-0.324680607,0.3721731745,1.1465337481,-0.27534516,-0.696638103,-0.627739765,0.2407750259,-0.716141288,0.1785209856,0.9698731603,-0.758348547,1978478
196,16841,12136,2934,9119,2793,2032,4302,0.9641336562,0.9737321408,0.6925977614,0,0,1,0,-0.290530849,-0.287675773,0.5159272726,-0.324231468,0.3721693074,1.1467082069,-0.286007847,-0.696636306,-0.62775798,0.2215294058,-0.716149882,0.1865630216,0.9111184022,-0.756033005,2136922
197,13349,16172,2845,8680,2904,1965,7554,0.8881253104,0.9720189186,0.6864457271,0,0,1,0.1027597455,-0.276266718,-0.324435905,0.5248775307,-0.324990496,0.3721693074,1.1467082069,-0.427700047,-0.696628304,-0.62794477,0.221726581,-0.716160575,0.1823623528,0.9111184022,-0.744036327,2190750
198,8126,11631,1813,8655,3105,1529,15818,0.0056937451,0.9144055826,0.0798140979,0,0,0.9929772267,0.8816428091,-0.218402461,-0.288304458,0.5713792005,-0.324231468,0.3721693074,1.1612304754,-0.527632742,-0.696622782,-0.627655682,0.2074716344,-0.716135036,0.1490400662,0.9111252304,-0.746370377,2171401
199,7298,11412,2527,8583,3062,600,15226,0,0.9144055826,0.1592168725,0,0,0,0.8816428091,-0.199271434,-0.287675773,0.5621925985,-0.324231468,0.3721693074,1.2149517273,-0.527632742,-0.696645467,-0.627720907,0.1607497913,-0.716135036,0.0825658922,0.911157227,-0.746213599,2255146
200,8016,4732,2078,8412,5674,390,20540,0,0.0160794126,0.075210821,0,0.9699686732,0,0.8816428091,-0.199271434,-0.201203541,0.5713792005,-0.324231468,0.2546422184,1.2051484699,-0.527793273,-0.696645467,-0.62804333,0.1610630797,-0.698549283,0.0825481817,0.9111627523,-0.732512382,2007325
201,9168,5424,2517,13640,6468,224,6012,0,0,0.075210821,0,1,0,0,-0.199271434,-0.205284211,0.5713792005,-0.324284918,0.2546422184,1.2117586203,-0.31682536,-0.696645467,-0.628015707,0.1615226846,-0.693389696,0.0825481817,0.9111612447,-0.705155635,1926323
202,6969,8037,2824,46023,4831,102,3439,0,0.0089829369,0.075210821,0.8181711258,1,0,0,-0.199271434,-0.322717546,0.5713792005,-0.436168775,0.2752662127,1.2048286558,-0.31659211,-0.696627927,-0.627777382,0.1416759834,-0.69138209,0.082561263,0.9433089287,-0.705155984,1923352
203,6601,18908,2565,25198,2891,911,3426,0,1,0.0763036998,0.8319161141,0,0,0,-0.199271434,-0.42837118,0.5705526752,-0.427211275,0.3700301302,1.2236186554,-0.31659211,-0.686484608,-0.626871398,0.1415681442,-0.691556122,0.0880982727,1.0083766561,-0.694281541,1974251
204,9631,17249,5740,8999,2343,1030,5227,0,1,0.9701799581,0,0,0,0.0211992558,-0.247853662,-0.426338201,0.4637340162,-0.324638433,0.3707780286,1.2231998393,-0.391360571,-0.607531632,-0.627721796,0.1415985157,-0.69154428,0.0880986231,1.0083770786,-0.673277091,2071237
205,18600,3828,2224,8399,3227,1080,12173,0.996248154,0,0.0498538497,0,0,0,1,-0.303107843,-0.376899207,0.5704972729,-0.322575776,0.3504037292,1.2219339973,-0.466679479,-0.569105555,-0.628044217,0.1415662917,-0.685461603,0.0880686816,1.0083769644,-0.673330241,2124679
206,18222,3996,2116,7210,4560,1025,11353,0.996248154,0,0.0105529278,0,0.6736261553,0,1,-0.303107843,-0.376991207,0.5707426548,-0.293594832,0.3197739068,1.220747981,-0.466679479,-0.558331922,-0.627783621,0.1415687626,-0.665051708,0.0898951221,1.0083765049,-0.673387752,2023371
207,17188,4929,2355,5116,4486,1267,10263,0.996248154,0,0.0105529278,0,0.6736261553,0,0.9962869099,-0.295886604,-0.376412166,0.5707426548,-0.193265226,0.3197739068,1.2188509293,-0.443167143,-0.536476351,-0.627831313,0.1415687626,-0.66508639,0.0898951221,1.0083763845,-0.673364545,1975250
208,7155,21503,2252,5680,4373,1047,4800,0,1,0.0105529278,0,0.6736261553,0,0,-0.198439862,-0.408906956,0.5707426548,-0.193404765,0.3197739068,1.2189850309,-0.31435399,-0.50722131,-0.62773297,0.1421060724,-0.606244018,0.0898951221,1.008376663,-0.67330859,2081954
209,8954,16927,2280,6418,3675,1310,8308,0,1,0.0105529278,0,0.6736261553,0,0.0262569961,-0.198390076,-0.401116993,0.5707426548,-0.193265226,0.3244605021,1.2198935835,-0.387638649,-0.51428297,-0.627726282,0.148380621,-0.593281928,0.095394921,1.0083767391,-0.670603441,2105935
210,9476,5658,2246,5634,2516,1415,14142,0,0,0.0105529278,0,0.3415267226,0.3728453729,0.9764788539,-0.198390076,-0.199793065,0.5707426548,-0.193265226,0.3692711041,1.1738915092,-0.462370163,-0.517210114,-0.627778326,0.1484067959,-0.580945558,0.0953879084,1.003034082,-0.657691074,1989860
212,8809,7487,2056,5199,2319,1004,13109,0,0.0033079155,0.0105529278,0.0147671079,0.3415267226,0,0.9764788539,-0.198390076,-0.245928551,0.5707426548,-0.194014917,0.3692711041,1.2192943831,-0.461082802,-0.522108499,-0.627783249,0.148455063,-0.578913743,0.0953879084,0.9482462219,-0.657679824,1891567
213,32910,11011,1984,3443,2354,1096,9049,0.4988029324,0.9919151043,0.0107003302,0,0.3415267226,0,0.9764788539,-0.244343451,-0.290501278,0.5704673138,-0.193265226,0.3690234253,1.2196247396,-0.448320649,-0.522107195,-0.556365371,0.1484083091,-0.57892796,0.1052229119,0.9482464517,-0.65389101,2029776
214,23253,12295,1982,4801,2305,1178,6215,0.5085260985,0.9919151043,0.0105529278,0,0.3323913098,0,0,-0.242022576,-0.290501278,0.5707426548,-0.193428137,0.3692711041,1.2198163834,-0.311360775,-0.522109168,-0.45378686,0.2252196693,-0.578920558,0.1231226672,0.948246294,-0.653840116,2057174
215,9884,7878,2096,6951,3742,1179,8546,0.0228044982,0.9919151043,0.0105529278,0,0.6649989724,0,0,-0.169818648,-0.290506987,0.5707426548,-0.161728397,0.3289488886,1.2194479778,-0.307620011,-0.522105343,-0.455650251,0.1868396633,-0.578932478,0.1231255789,0.9482461833,-0.653839522,1956555
216,6330,15104,2450,3606,2402,1024,7991,0,0.9918743783,0.03147616,0,0.3156148227,0,0.0078694908,-0.083553849,-0.290777216,0.5406374564,-0.079012746,0.3862897006,1.2191520334,-0.335285924,-0.520409772,-0.45469879,0.1801447599,-0.578749224,0.1231431729,0.9482459369,-0.66533785,2144345
217,6413,12804,3836,10883,1950,897,12990,0,0.9918743783,0.9630461092,0.0450694199,0,0,0.9851156531,-0.083768775,-0.290777216,0.4933139148,-0.27548572,0.4373891691,1.2194512302,-0.389594396,-0.511492696,-0.455359218,0.1844225908,-0.576180063,0.1522853154,0.9512903756,-0.664236564,1517678
218,6707,13380,3683,3942,1830,960,13114,0,0.9919475499,0.9705322243,0.282021272,0,0,1,-0.084337479,-0.291254759,0.4934609716,-0.086563625,0.4384994468,1.2202656095,-0.391237744,-0.511837028,-0.455342135,0.2445674502,-0.576199928,0.1415817676,0.9783803496,-0.647870483,1983683
220,7194,11743,1588,2613,3109,760,5639,0.2311981283,0.8234687376,0.010495046,0,1,0,0,-0.119842109,-0.269666306,0.5711427401,-0.080388131,0.3293037471,1.2191252277,-0.292565143,-0.496426538,-0.453790981,0.2350015287,-0.576210585,0.1346261681,0.9783805455,-0.647811814,1760840
221,11690,8896,2612,3767,3945,1057,11663,0.2311981283,0.3195219871,0.0261468238,0,1,0,0.0084289142,-0.120230524,-0.206246983,0.5280382311,-0.080388131,0.3293037471,1.2192064608,-0.327625904,-0.494362881,-0.453713758,0.2253553508,-0.576210585,0.1363256102,0.9783805133,-0.647731668,2029388
222,7268,18062,4183,3386,3813,938,11719,0.2311981283,0.6345742418,0.9705322243,0,1,0,1,-0.116250701,-0.292478232,0.4637340162,-0.080388131,0.3293037471,1.2194005793,-0.385770429,-0.483797964,-0.453767734,0.2256046351,-0.576210585,0.1363290085,0.9791998296,-0.648118796,2014728
223,7094,9202,4216,3688,3174,1032,10342,0,0.4126694087,0.9705322243,0,1,0,0,-0.084471483,-0.208467698,0.4637340162,-0.080388131,0.3401773103,1.2193525058,-0.292809532,-0.48379997,-0.453717558,0.2300357576,-0.574901693,0.1380378565,0.9866601216,-0.645864094,2312218
224,5501,6643,3321,3003,1229,763,7655,0,0,0.9748505552,0,0,0,0,-0.084471483,-0.202076665,0.4637340162,-0.080388131,0.4384994468,1.2196098372,-0.292714538,-0.478388733,-0.453460568,0.2336747777,-0.56180246,0.1380978083,0.9922012715,-0.626573905,1843088
225,7647,9585,2569,151855,2138,1251,8170,0,0,0.1255103515,0.0143916045,0,0,0,-0.084471483,-0.202665946,0.5679736769,-0.692360628,0.4384994468,1.2188052045,-0.292923231,-0.464701908,-0.453712736,0.2358807227,-0.561884684,0.1380978083,0.9951871804,-0.579035642,2100330
226,47397,5527,2497,5359,2224,1217,5017,0.7708153841,0,0.0104282654,0.585596791,0,0,0,-0.371154163,-0.202076665,0.5712131975,-0.206566699,0.4384994468,1.2193728911,-0.292365286,-0.461619505,-0.453713548,0.2389867708,-0.5632364,0.1380978083,0.9980839296,-0.570865836,1967418
227,31616,6975,3040,4587,2118,1312,6986,1,0,0.0088769133,0,0,0.0043868636,0,-0.34917368,-0.202076665,0.5373069462,-0.093366813,0.4385305646,1.2073807146,-0.290719301,-0.460398425,-0.453949477,0.2390859353,-0.568796225,0.1380977927,0.9981237512,-0.570865328,1727548
228,8548,9663,5140,4915,1911,1730,10096,0,0,1,0,0,1,0,-0.084337479,-0.202076665,0.4617435487,-0.094125734,0.4386990459,1.1743528119,-0.290719301,-0.460385472,-0.454035073,0.2390329152,-0.568797386,0.1380977507,0.9981175398,-0.570672007,1915584
229,8445,8949,4974,5547,1823,1642,9480,0,0,1,0,0,1,0,-0.084449867,-0.202076665,0.4617501233,-0.088587563,0.4385314592,1.1743528119,-0.291445909,-0.460016619,-0.454035073,0.2323031984,-0.555170308,0.1380978007,0.9892085306,-0.568977031,1788422
230,8143,8862,5031,5268,1914,1800,18789,0,0,1,0,0,1,0.7250422088,-0.084168213,-0.201933976,0.4617435487,-0.085689015,0.4384560948,1.1742705054,-0.415694716,-0.46694193,-0.458368418,0.185441864,-0.50973326,0.1380978113,0.9582906286,-0.568927592,1921733
231,7027,113537,4185,4797,1924,1711,9444,0,0.2654763591,1,0,0,1,0.9319235649,-0.08457845,-0.252402894,0.4617435487,-0.082787946,0.4386990459,1.1740929455,-0.384647639,-0.508153395,-0.493125248,0.1810847817,-0.435191619,0.1343722401,0.9568480114,-0.56912478,1820150
232,8143,8862,5031,5268,1914,1800,18789,0,0,1,0,0,1,0.7250422088,-0.084168213,-0.201933976,0.4617435487,-0.085689015,0.4384560948,1.1742705054,-0.415694716,-0.46694193,-0.458368418,0.185441864,-0.50973326,0.1380978113,0.9582906286,-0.568927592,1864199
233,7027,113537,4185,4797,1924,1711,9444,0,0.2654763591,1,0,0,1,0.9319235649,-0.08457845,-0.252402894,0.4617435487,-0.082787946,0.4386990459,1.1740929455,-0.384647639,-0.508153395,-0.493125248,0.1810847817,-0.435191619,0.1343722401,0.9568480114,-0.56912478,2046248
234,17095,7324,2400,4106,3205,1490,28112,0.6684690976,0.4089222339,0.9980749445,0.668867676,0.680214076,1,0.8865853889,-0.123031254,-0.185008705,0.571446629,-0.082477596,0.3715635564,1.2035413222,-0.693147181,-0.512255531,-0.49317312,0.1796185475,-0.405048884,0.1257471616,0.9326166068,-0.569053314,2018031
235,12208,4821,8328,41552,2744,1556,10484,0.7803164103,0,0.8807358793,0.9579002269,0.680214076,1,0.9930569697,-0.122911265,-0.115642408,0.4059103852,-0.415014398,0.3715635564,1.1694455444,-0.620156791,-0.499311194,-0.49292507,0.1784425097,-0.406766882,0.1044681176,0.9326324025,-0.568663765,1912953
236,36066,4175,1933,5038,2960,1623,4507,0.7314661299,0,0.1115524532,0.394449085,0.6822596758,1,0,-0.414403509,-0.114854039,0.5691280288,-0.100289801,0.3715635564,1.169439827,-0.292799775,-0.496831946,-0.484786829,0.1759948349,-0.411404067,0.1033098086,0.9326323381,-0.558570838,1673048
237,9471,28514,2022,4900,2515,1480,3701,0.3940103276,0.8924778625,0,0,0.680214076,1,0,-0.131948058,-0.371020271,0.571446629,-0.084820167,0.3784081819,1.1696868316,-0.293856488,-0.496804409,-0.484713061,0.1766340965,-0.411403781,0.0999119593,0.9326323178,-0.558571543,2031613
238,10821,6191,2078,5757,1801,1719,7959,0,0.5514427762,0,0,0,1,0,-0.120302712,-0.132833173,0.571105053,-0.087031907,0.4387001335,1.1696868316,-0.293856488,-0.492962344,-0.484755165,0.1766713663,-0.411400151,0.0999048105,0.9326323178,-0.558571543,2076701
239,24666,4404,2230,4054,1914,1609,5402,0.6330421055,0.0498480566,0,0,0,1,0,-0.304145858,-0.114854039,0.571446629,-0.081602568,0.4386990459,1.1702753544,-0.299068013,-0.49297253,-0.484847532,0.1775400761,-0.411390316,0.0999049968,0.9326325785,-0.558565246,1845870
240,10658,5347,2413,5120,2053,1583,9226,0.434784117,0.0498480566,0,0,0,0.9882353043,0,-0.133218136,-0.1165118,0.5799250816,-0.098768378,0.4242180243,1.1782031269,-0.308753352,-0.491730174,-0.484744338,0.1779028446,-0.411375939,0.0999191663,0.9326041818,-0.558572994,2079844
241,11469,5272,2362,6138,2415,1443,9552,0,0.0498480566,0,0,0,0,0,-0.131504652,-0.117467207,0.5979071618,-0.115378432,0.4135869534,1.2188775831,-0.310194472,-0.474151396,-0.484667347,0.1780721615,-0.411381114,0.0999264541,0.9326105319,-0.558573495,1961676
242,10650,8551,2267,5419,2395,1402,23101,0,0.0498480566,0,0,0,0,0.7099582428,-0.126901286,-0.241899783,0.5978687762,-0.114948621,0.4130037007,1.2199358636,-0.544080202,-0.463526516,-0.489471687,0.1780154713,-0.411381057,0.099925602,0.9326100376,-0.558595948,1978377
243,8845,18287,2206,4483,2069,1286,9030,0,0.9897333569,0,0,0,0,0.9538356254,-0.128736498,-0.371063681,0.5974641195,-0.116036147,0.4126520731,1.2201900986,-0.479077863,-0.446880796,-0.487493404,0.2109723842,-0.425933955,0.13691585,0.9193637072,-0.41805697,1802598
244,8878,20021,2326,4505,2073,1354,6719,0,0.9897333569,0,0,0,0,0,-0.127595234,-0.371063681,0.5974641195,-0.121981748,0.4126520731,1.2188818626,-0.309620949,-0.441658264,-0.476670863,0.2959404927,-0.453228817,0.1432578857,0.899432963,-0.438615399,2074511
245,8189,15596,2335,4861,2283,1478,5379,0,0.9897333569,0,0,0,0,0,-0.119604995,-0.355791787,0.5974641195,-0.124848392,0.4126520731,1.2188741198,-0.309369906,-0.441131836,-0.451239014,0.2215822619,-0.453228857,0.1038993692,0.8984298663,-0.43765979,1988642
246,8396,4930,2126,4788,2191,1414,5351,0,0.0498480566,0,0,0,0,0,-0.119604995,-0.117467207,0.5974641195,-0.118370327,0.4126938021,1.2187357009,-0.310027695,-0.450047975,-0.455900576,0.1868286709,-0.451929181,0.099020796,0.8920586142,-0.547192012,2123735
247,9537,6066,3272,5158,2803,1449,3312,0,0.0498480566,0.0263902208,0,0,0,0,-0.119604995,-0.117467207,0.5498268563,-0.116036147,0.3947861809,1.231460942,-0.310027695,-0.48452031,-0.461979932,0.188398883,-0.520479645,0.0990073776,0.8955766226,-0.577171649,2032498
248,8292,31778,4843,4025,3800,1388,1624,0,0.7394971793,1,0.000503985,1,0,0,-0.119669444,-0.295547564,0.4788851127,-0.127367448,0.3658595251,1.2561267112,-0.311348512,-0.497696794,-0.462028363,0.1889390637,-0.701371966,0.0989898225,0.9219082075,-0.569518938,1979778
249,11092,7270,4972,6062,4188,1643,2555,0,0.5375374067,1,0.0031024312,1,0,0,-0.119604995,-0.128410699,0.4788851127,-0.118652421,0.3658595251,1.2561065486,-0.310381069,-0.49769669,-0.469434707,0.183894867,-0.592944527,0.0989898225,0.9050978624,-0.469854311,1586092
250,7698,4498,4341,25846,3890,1344,1017,0,0.0498480566,1,0.7701166828,1,0,0,-0.119709177,-0.117467207,0.4788851127,-0.690127665,0.3692323285,1.2561065486,-0.310027695,-0.498313312,-0.517170613,0.1876932076,-0.671446859,0.0989754087,0.9223664807,-0.581973522,2053634
251,9725,5551,2484,5529,2431,1569,1993,0,0.0498480566,0.1620004453,0.5073937745,0,0,0,-0.119604995,-0.117467207,0.5961395587,-0.146145201,0.4114564051,1.2561065486,-0.310027695,-0.503736407,-0.502572068,0.1706906624,-0.578825086,0.0990204226,0.9187568149,-0.506162491,2154686
252,32092,7257,2454,3333,2543,1520,886,0.6297646708,0.0509652741,0,0,0,0,0,-0.299314771,-0.189904604,0.5972064727,-0.118529129,0.4114564051,1.2565657463,-0.311619042,-0.504102142,-0.512865543,0.1504864394,-0.439406751,0.1412051828,0.9033847619,-0.575547698,1970368
253,8894,15568,2334,4222,2422,1435,1076,0.440496079,0.9897333569,0,0,0,0,0,-0.130454667,-0.292694533,0.5970761039,-0.118529129,0.411328383,1.2575204103,-0.310695465,-0.504122794,-0.521403099,0.2512543102,-0.466437283,0.1374015983,0.9084868757,-0.595983512,2104869
254,7891,13223,2122,4346,2557,1360,1083,0,0.9897333569,0,0,0,0,0.0504018377,-0.119604995,-0.292694533,0.5970761039,-0.118529129,0.3950947833,1.2575712772,-0.327821256,-0.504125983,-0.527534953,0.1241404256,-0.446184545,0.1160673537,0.902629195,-0.596849353,1952608
255,18608,9199,2515,261757,3837,1188,1028,0.734431894,0.9897333569,0,0,1,0,0.9212538137,-0.342670344,-0.325286977,0.5970761039,-0.941405632,0.3658595251,1.2575712772,-0.368911911,-0.504099137,-0.549785061,0.124703512,-0.663525503,0.1160267795,0.902629195,-0.597270388,2051193
256,25451,20551,2611,4514,3344,1426,777,0.9368436906,0.9911067775,0.0151319679,0.0037839518,1,0.0039589141,0.9193068232,-0.330496493,-0.318934273,0.5480520805,-0.317448594,0.3658595251,1.2400063192,-0.364128191,-0.495407653,-0.549836455,0.1269938869,-0.861272415,0.1049000863,0.9026661214,-0.596649071,2001313
257,8246,30417,4344,3739,3522,1439,739,0.466929534,1,1,0,1,1,0.9180997252,-0.132805712,-0.448496515,0.4637340162,-0.162822576,0.3658440438,1.1981702759,-0.365351103,-0.39423146,-0.549871552,0.1375594755,-0.572095334,0.0602402161,0.9026972928,-0.59641967,1797701
258,24078,4993,4186,11651,3350,1687,950,0.5788214727,0.5863189953,1,0.0492097687,1,1,0.8489371486,-0.249171497,-0.146860251,0.4637340162,-0.160692348,0.3658595251,1.1981910294,-0.352677163,-0.38867105,-0.549814888,0.1359861871,-0.570093207,0.0602403011,0.9026973112,-0.52110215,1686125
259,7228,4622,4366,4601,3351,1602,6672,0.4375614614,0,1,0.0467874225,1,1,0.8504300185,-0.170685816,-0.123519194,0.4637340162,-0.140792589,0.3650309173,1.1980891501,-0.529491241,-0.445736262,-0.549807158,0.1236093065,-0.549219085,0.0602398551,0.9026968168,-0.457088626,1131040
260,16211,4977,3699,4034,2934,1383,1183,1,0,1,0,1,1,0.3199169366,-0.309987424,-0.127142207,0.4637340162,-0.127263245,0.3643386878,1.1977077931,-0.327286503,-0.433277326,-0.549806469,0.125446958,-0.522072122,0.060239685,0.9026968815,-0.623565389,2068568
261,14677,5153,3447,4529,3090,1571,1625,1,0,0.9826751275,0,1,0.991196776,0,-0.285747255,-0.127309645,0.4836446523,-0.12561122,0.3643603499,1.2127288396,-0.313890951,-0.4769696,-0.549932583,0.1394271067,-0.361883573,0.0602397808,0.900934357,-0.619909527,1992754
266,9948,5664,2245,6281,3022,1463,2460,0,0,0,0,1,0,0,-0.12453675,-0.127142207,0.5959752505,-0.125494066,0.3668672302,1.2401858969,-0.313718593,-0.579223706,-0.549806469,0.1415697621,-0.497658564,0.0569242793,0.8972742057,-0.615763816,1094480
267,9633,5727,2138,6303,1794,1363,2606,0,0.017712535,0,0,0,1,0,-0.12550811,-0.13061854,0.5959323701,-0.125927978,0.4091146436,1.1974404603,-0.314787508,-0.571263827,-0.549958026,0.141564844,-0.497612305,0.0602041279,0.898596877,-0.613286663,1748239
268,26612,3911,2037,3944,1789,1353,1360,0.6667091198,0.017712535,0,0,0,1,0,-0.306278081,-0.132213761,0.5955225686,-0.127472663,0.4088904495,1.2073253637,-0.317344886,-0.552137457,-0.544932882,0.141569616,-0.500646383,0.0602429011,0.8935369233,-0.607269294,1707399
269,8927,3600,2336,3906,1908,976,13560,0.4011186069,0,0,0,0,0,0.8375265251,-0.159594469,-0.129440526,0.5955225686,-0.127472663,0.4087770012,1.255592173,-0.453084508,-0.487758173,-0.419767981,0.141569616,-0.527536334,0.0602341293,0.8949320218,-0.601559714,1424083
270,9232,25931,2541,2728,1867,1093,6384,0.9223642728,0.8241417132,0,0,0,0,0.3132253384,-0.196673049,-0.415077955,0.5955225686,-0.127472663,0.4087129382,1.2555182939,-0.35769805,-0.478985825,-0.440763564,0.1403879133,-0.528682898,0.0651426376,0.8915107552,-0.583647547,1681154
271,11266,3929,2597,3672,2279,1285,12667,0.9223642728,0.4121014537,0,0,0,0,0.9105469072,-0.192258368,-0.144913041,0.5984339394,-0.126938293,0.4088904495,1.2557579476,-0.413875845,-0.542173059,-0.45651639,0.1304956772,-0.59895281,0.1026370082,0.8688319098,-0.497367325,2295875
272,5311,2525,2141,72555,2037,1175,5343,0,0,0,0.8287979076,0,0,0.9105469072,-0.125526619,-0.124013215,0.612812535,-0.527632742,0.4088904495,1.2557579476,-0.413875845,-0.479580562,-0.455057288,0.1325482401,-0.700294796,0.1026370082,0.8688319098,-0.510996066,1720211
273,22840,3774,2349,3193,2342,1185,8043,0.7575722305,0.0209092831,0.0147122769,0.5116748447,0.0032262428,0,0.9105469072,-0.322858147,-0.149725607,0.5991123494,-0.165847925,0.3947343144,1.2441290427,-0.413875845,-0.53390776,-0.459569826,0.1400474646,-0.641027284,0.1006990154,0.8688655878,-0.619129024,1921148
274,6714,6300,3042,3945,3293,1305,10767,0.4298641524,0.9221727653,1,0.0147823476,0.9384221551,1,0.9105469072,-0.13434242,-0.193099844,0.5729255205,-0.159132511,0.3606392673,1.2141064373,-0.413875845,-0.539239153,-0.557970361,0.2005898005,-0.500769096,0.1026399051,0.8767831776,-0.600904605,1357788
275,6159,5522,2977,5832,2707,1311,10432,0,0.9221727653,1,0.9205793987,0.9384221551,1,0.9105469072,-0.125526619,-0.19374962,0.5729255205,-0.197370302,0.3606392673,1.2142648644,-0.413875845,-0.541353308,-0.548398184,0.2005898005,-0.496031019,0.0934899691,0.8767832714,-0.594550863,1489289
276,5199,3768,2165,4847,2187,918,8387,0,0.9172601233,1,0.9205793987,0.9382713578,1,0.9105469072,-0.125526619,-0.18796312,0.5729255205,-0.197398851,0.3605458744,1.2142421725,-0.413875845,-0.52135762,-0.53764053,0.2005898005,-0.495995219,0.0602101727,0.8749925724,-0.656658053,1911836
277,25148,3675,2665,4721,2771,1323,8550,0.6877765901,0,1,0.9205793987,0.9382713578,1,0.9105469072,-0.294097128,-0.124770342,0.5727951614,-0.197116012,0.3605458744,1.2141996056,-0.413875845,-0.478156224,-0.516446667,0.2005898342,-0.495920805,0.0602101727,0.8719473826,-0.610058427,1960056
280,4428,3011,2045,8234,2271,967,6723,0,0,1,1,0.938222847,1,0.9099664196,-0.125526619,-0.124775808,0.5729255205,-0.337839354,0.3605158303,1.2142471899,-0.414153666,-0.477145228,-0.51371638,0.1986112465,-0.561049316,0.0602101637,0.8763625212,-0.452993386,1813356
281,68615,5688,2702,7072,3267,1258,3289,0.6988801912,0,1,1,0.9381738365,1,0.1825345572,-0.37687457,-0.131812539,0.5729255205,-0.338709978,0.3606512232,1.2142398278,-0.32001129,-0.511612827,-0.513462052,0.1972548323,-0.656100581,0.0602101963,0.8763625175,-0.433868612,1909047
282,9679,4661,2025,24990,3715,1291,5833,0.0017281814,0.0132064307,0.0824566397,1,0.9381738365,0.0936960315,0,-0.161289934,-0.158997148,0.6122205969,-0.371181005,0.3625022363,1.2557173758,-0.316880367,-0.523248342,-0.521007403,0.1884962535,-0.456503663,0.0571456705,0.9112557411,-0.426255478,1822344
283,13055,8237,2277,3968,2524,1264,9120,0.9223642728,0.8617323139,0.0277612091,0.3830324241,0,0,0.0021630674,-0.198240845,-0.206407928,0.5960306038,-0.166800899,0.408852524,1.2556000702,-0.350454524,-0.524733494,-0.520288841,0.1426341197,-0.452210599,0.0602430463,0.8813852481,-0.445618517,1989206
286,8182,48609,3047,5300,1881,1247,4138,0.9311445095,0.9199473021,0.5174607475,0,0,0,0,-0.204900555,-0.371562608,0.5277934685,-0.200900161,0.4099109971,1.2552299003,-0.317233704,-0.567114089,-0.528059247,-0.222142399,-0.660572287,0.0247342851,0.8858974692,-0.601171168,1822297
287,157193,9021,2412,3255,1923,1234,2572,0.3563436991,0.5380586144,0,0,0,0,0,-0.377156986,-0.156617289,0.603303623,-0.136401524,0.4091024315,1.2550686766,-0.317593506,-0.628779535,-0.530579306,0.2002362783,-0.550124987,0.024792231,0.8859120552,-0.619215137,1960324
288,13260,5232,2154,6223,1970,1159,14749,0.2483409961,0,0,0.0159550697,0,0,0.8799525866,-0.225174943,-0.138395614,0.6051797929,-0.267440425,0.4091024315,1.2554790611,-0.693063498,-0.734961832,-0.528010083,0.1999370774,-0.700994084,0.0089754897,0.8858524337,-0.631522484,1864038
289,13923,4104,2405,10223,2312,1057,5000,0.9311445095,0,0,1,0.0036740578,0,0.16155362,-0.330922022,-0.130992259,0.5947325767,-0.369781739,0.3640442763,1.2564431196,-0.384086634,-0.87008313,-0.527666647,0.2001873039,-0.662685858,0.0015639356,0.8859133793,-0.636275858,1825462
290,18331,4891,2185,8872,3556,1145,6712,0,0,0,1,1,0,0.9079380179,-0.45935843,-0.130992259,0.5942235475,-0.368846679,0.2876867358,1.2564087307,-0.471709949,-0.836160595,-0.52753234,0.1946689418,-0.471132446,0.0044322846,0.8837521265,-0.637246471,1834216
291,17946,5232,2102,6553,3468,1022,6966,0.0166421581,0.0084853472,0,0.9945912025,1,0,0.9079380179,-0.46290683,-0.180696168,0.6037682143,-0.32958656,0.2876867358,1.2562362391,-0.471759668,-0.774988478,-0.532914178,0.1582474683,-0.470538068,0.0020588586,0.8696727804,-0.657640954,1386253
292,11670,7126,1891,2857,3180,1065,6338,0.0166421581,1,0,0,1,0,0.903535687,-0.398104723,-0.268746209,0.6035917894,-0.130186132,0.2876867358,1.2560475551,-0.420892707,-0.749889392,-0.527643132,0.1662144742,-0.452271227,0.0314064399,0.8696719084,-0.686969852,1746031
293,26298,6988,1856,2942,3050,934,7622,0.7934803562,1,0,0,1,0,0.6289053283,-0.414263471,-0.255209178,0.6041182512,-0.129504234,0.2978911105,1.2561795625,-0.427233713,-0.652191919,-0.533006632,0.1798193338,-0.435602368,0.12252386,0.8696728534,-0.636826414,1835056
294,6160,2607,1937,29230,1800,1038,5747,0.3711820331,0,0,0.9225653688,0,0,0.7237239731,-0.135698609,-0.122514911,0.6041182512,-0.415265885,0.4089204884,1.2563504597,-0.395709612,-0.702813279,-0.527553639,0.1746703825,-0.446456944,0.1450393512,0.8696726537,-0.633242867,1861680
295,27649,4407,1909,2960,1834,1045,4056,0.757463449,0.0022390876,0,0.4596530326,0,0,0,-0.414269483,-0.142321394,0.6009904479,-0.153649904,0.4091024315,1.2564302646,-0.316520149,-0.710696705,-0.531571714,0.1622196162,-0.438618678,0.1450909964,0.8696725508,-0.628773542,1828001
296,6439,9949,1921,3205,3375,1121,6334,0.4128047822,0.768499516,0,0,0.0141929122,0,0,-0.136280937,-0.335046325,0.6041182512,-0.125081871,0.2956117886,1.2513349625,-0.316520149,-0.703006639,-0.541804642,0.1647207957,-0.445953357,0.1188411793,0.8747639777,-0.62836918,2036450
297,6187,23070,1835,2537,6468,1284,4259,0,0,0,0,1,0.8426741028,0,-0.124535627,-0.49063791,0.6041182512,-0.125081871,0.2003215563,1.2430046912,-0.316520149,-0.700367424,-0.559570554,0.1620088067,-0.462334737,0.0518611295,0.883842391,-0.626953719,1966625
298,5997,9150,1982,2986,4167,1225,11048,0,0,0.0355669805,0.0090846853,1,0.8423643206,0.6297593534,-0.132654186,-0.432202438,0.5929824811,-0.154441891,0.2409031516,1.2430081096,-0.426271538,-0.699133401,-0.595741599,0.1606051861,-0.465868896,0.0517617694,0.8838423187,-0.63146614,1949767
299,6607,15209,2684,4313,3230,1351,5833,0.1856314463,0.6489497569,0.8305987319,0.7849278051,0.8291531811,0.8402927627,0.222459601,-0.143488917,-0.247125661,0.5763929036,-0.182437099,0.3663779571,1.2445495053,-0.322524944,-0.668471315,-0.589627922,0.1623100097,-0.462406447,0.0393225217,0.8827562803,-0.625574848,1700215
300,7014,9274,2643,5311,3153,1113,6263,0.1856314463,0.8117751642,0.8305987319,0.7849278051,0.8291531811,0.0139874994,0,-0.140867838,-0.23739703,0.5763929036,-0.183166466,0.3697329924,1.2513986048,-0.314736529,-0.615609043,-0.714370055,0.1617160736,-0.462589527,0.0292814808,0.8828347646,-0.624201058,1772545
301,30470,6694,2786,4114,2424,1515,4553,0.7562483418,0.8086023325,0.8305987319,0.7849278051,0.0090784431,0.8290698569,0,-0.41486102,-0.201771261,0.5763929036,-0.182685569,0.3924965762,1.2431283383,-0.311664148,-0.636789899,-0.69154706,0.1646238667,-0.503510664,0.0294755284,0.9042801359,-0.626626017,1995602
302,6997,16628,2335,4065,2709,1335,5894,0.501265805,0.809995726,0.8260592093,0.7831248942,0.8291531811,0.8238948402,0,-0.135351993,-0.247550505,0.5786382129,-0.177622279,0.3699577914,1.2442779976,-0.311664148,-0.654961053,-0.633931624,0.1764321901,-0.515638584,0.0126689062,0.9121026421,-0.648773852,1720750
303,6116,12221,1809,2576,2696,1089,5510,0,0.8114406542,0,0,0.8291531811,0,0,-0.121330242,-0.247321258,0.6041182512,-0.125081871,0.3738231738,1.2564587345,-0.311664148,-0.654399277,-0.63408835,0.1784697809,-0.5124594,-0.023093434,0.9132884299,-0.669838726,2037216
304,29973,5339,1984,2691,3028,1167,4402,0.6919439143,0.3748055015,0,0,0.8291531811,0,0,-0.44524984,-0.129395859,0.6041182512,-0.125081871,0.377458875,1.2564215009,-0.311664148,-0.663102084,-0.621717303,0.2257673139,-0.519715271,0.0364021831,0.9478236767,-0.673315356,1815017
305,8519,47554,2569,3209,2747,1522,5167,0.5405282263,0.5108057402,0,0,0,0,0,-0.15010729,-0.414863848,0.5716416108,-0.125081871,0.4136549191,1.2460354018,-0.311664148,-0.603737527,-0.610471648,0.2208284307,-0.553739543,0.0810994882,0.9404111812,-0.684640887,2000168
306,9713,4497,2858,3946,2452,1450,25795,0.7833011989,0,0,0,0,0,0.9417981757,-0.15978168,-0.141986966,0.5285032389,-0.125081871,0.4136549191,1.2291248021,-0.511789984,-0.53318747,-0.602576869,0.182590822,-0.518255682,0.0498276582,0.8875964073,-0.702702565,1944260
307,71110,5560,2685,2529,2365,1464,3056,1,0,0,0,0,0,0,-0.527632742,-0.122832457,0.5285032389,-0.124362804,0.4137062287,1.2292342427,-0.33583806,-0.533252011,-0.599874627,0.1826194257,-0.520025775,0.049763665,0.8875964711,-0.706721327,1892541
308,7740,3411,2793,4824,2368,1164,7238,0.0091798387,0,0.7621986565,0.7753858229,0,0,0,-0.142519159,-0.120302616,0.5114324609,-0.157084722,0.414201193,1.2290653439,-0.311664148,-0.5992027,-0.599594637,0.1805901977,-0.523367883,0.1319848561,0.884833622,-0.702539724,1331389
309,43624,5155,3189,3396,2468,1244,3726,1,0,0.8098904439,0.7701476279,0,0,0,-0.371373953,-0.121316521,0.5035684605,-0.164599139,0.4141393237,1.2292670091,-0.311470201,-0.818184984,-0.599714172,0.1817744601,-0.524850752,0.1467599759,0.8805512501,-0.703609861,1693942
310,7973,37407,2455,2430,2300,1199,3504,0.0532736572,0.9386402081,0,0,0,0,0,-0.13348202,-0.371063681,0.5285032389,-0.123451457,0.4141393237,1.2292342427,-0.311965291,-0.791636848,-0.598291442,0.1722727217,-0.520323748,0.080741816,0.8614180558,-0.703370859,1724099
311,7734,21329,2267,2793,9277,1426,4587,1,0.8809715337,0,0,0.953887719,0,0,-0.522505346,-0.301012764,0.5285164986,-0.122435053,0.3280550015,1.2293160493,-0.311664148,-0.792367089,-0.561815765,0.1593640107,-0.522978669,0.0804359606,0.8479007646,-0.703004436,1951332
312,7834,3556,2301,3381,1477,1222,6444,1,0,0,0,0,0,0,-0.527632742,-0.130522328,0.5283868684,-0.122435053,0.4078534042,1.2297640232,-0.311664148,-0.803579036,-0.483430909,0.1705229021,-0.528701609,0.068105758,0.8797413625,-0.702745104,1989727
313,21122,4198,3256,3810,1431,995,8236,1,0.8013627297,0.839786924,0.8042696436,0,0.5700713685,0.9399081436,-0.527632742,-0.173490882,0.4966904888,-0.178818171,0.4154622336,1.2256068984,-0.526379818,-0.80511788,-0.501247964,0.141131484,-0.575810391,-0.010962747,0.9031641234,-0.733237491,1901345
318,9560,3755,2206,3282,1839,1228,6773,0.7911591257,0,0,0,0,0.8290553612,0,-0.158376558,-0.119254527,0.5285032389,-0.121085075,0.4147677578,1.2182936212,-0.311664148,-0.730138111,-0.41019062,0.1760206189,-0.571623503,-0.010962687,0.933157937,-0.641899596,1874264
319,8256,4221,2094,3634,1731,1078,8155,0,0,0,0,0,0,0,-0.120442964,-0.119254527,0.5285032389,-0.121085075,0.4148243976,1.2292620556,-0.311664148,-0.702534302,-0.498648047,0.1765724102,-0.57134485,-0.010962561,0.9299182099,-0.642286277,1714703
320,7816,3500,2305,4408,1479,945,7307,0,0,0.7313723992,0.7637110833,0,0,0,-0.120369039,-0.119254527,0.5140161813,-0.150095998,0.4147677578,1.2296450321,-0.311664148,-0.662792605,-0.512555474,0.1743714686,-0.574644579,-0.010962687,0.8892469389,-0.594339333,1888364
321,7125,4493,3358,6233,2071,1050,7300,0,0.7873095388,0.8337143202,0.7909758154,0.7974779951,0,0,-0.120369039,-0.150511037,0.5013668051,-0.170781737,0.389895626,1.2290788206,-0.311664148,-0.62316559,-0.517049777,0.1760693474,-0.557424005,-0.013139684,0.9227283635,-0.509082566,1832819
322,23864,4319,3145,3373,2492,1037,5608,0.7911591257,0.7915056112,0.8323141822,0.7924518786,0.8214148019,0,0,-0.242434755,-0.171154797,0.5013668051,-0.170781737,0.3660699541,1.2295528189,-0.311664148,-0.598653573,-0.508149998,0.2027662755,-0.557673508,-0.008530222,0.9224675655,-0.499209152,1811094
323,7045,6281,2797,4529,2670,1067,6813,0,0.791889708,0.8157909264,0.7901784546,0.8284943571,0,0,-0.124516348,-0.171154797,0.5059404349,-0.170781737,0.3660699541,1.2293225749,-0.311664148,-0.587326131,-0.507162625,0.2068335906,-0.531106554,9.96177e-05,0.9499019154,-0.492424894,1961861
324,5709,5071,1540,2866,2206,787,5282,0,0.791889708,0,0.7651493549,0.8284943571,0,0,-0.120369039,-0.171154797,0.5281141103,-0.160115789,0.3660699541,1.2292305512,-0.311664148,-0.584425558,-0.505790377,0.2067888744,-0.537198827,9.96177e-05,0.9478364399,-0.491324452,1642487
325,7680,7635,1935,3290,1716,1052,7450,0,0.791889708,0,0,0.8244427222,0.7530704321,0,-0.120085259,-0.170352293,0.5286024878,-0.120522016,0.3775767954,1.2234403915,-0.311485324,-0.56114529,-0.505823312,0.2153446336,-0.509401115,0.0168527538,0.9466086497,-0.494475613,1910515
326,12598,4935,1909,2639,1572,1292,6283,0.2945171784,0.7629695574,0,0,0,0.7819683713,0,-0.14532922,-0.162663621,0.5289535653,-0.120165383,0.4153582794,1.2177164891,-0.310633689,-0.555446923,-0.487440423,0.2414586385,-0.421710083,0.1034830536,0.9470782741,-0.494179866,1809870
327,9411,11609,1764,2438,1609,1051,4906,0.2945171784,0.8550407364,0,0,0.7431753923,0.7864834996,0,-0.140467812,-0.29057617,0.5290681499,-0.120165383,0.3873143037,1.2192842817,-0.310633689,-0.556685723,-0.4735642,0.2395588224,-0.423523951,0.1011828996,0.9469498505,-0.494029128,1976284
328,5406,8343,1271,1857,1622,810,3949,0,0.8550407364,0,0,0.7892752441,0.7748919974,0,-0.119964289,-0.290761624,0.5290681499,-0.120165383,0.3640767459,1.2177701869,-0.310633689,-0.555488728,-0.478035867,0.2158255666,-0.452758661,0.1035218783,0.9459427008,-0.489016465,1882979
329,7652,3544,1779,3251,2419,1012,6553,0,0,0,0,0.7889168975,0,0,-0.118706933,-0.124137972,0.5290681499,-0.120165383,0.3640767459,1.2295810805,-0.310633689,-0.555342282,-0.492629375,0.2036211697,-0.482627197,0.1035218783,0.9455909795,-0.491814462,1863766
330,6211,2592,7758,267157,2279,1114,3179,0,0,0.9107133531,0.954781254,0.7836701416,0,0,-0.119139084,-0.117825293,0.4053520722,-0.855474107,0.3723322259,1.2299595667,-0.311071435,-0.555355367,-0.491120094,0.2040100777,-0.70222793,-0.049561764,0.9451248839,-0.504622166,1835608
331,7187,3222,2065,9617,1777,1162,8807,0,0,0,0,0,0,0.7301913182,-0.11907491,-0.117825293,0.5258239448,-0.287513904,0.4148973552,1.2297191699,-0.389246508,-0.555405959,-0.505939898,0.2032436967,-0.565558122,-0.047054747,0.9451243644,-0.55490695,1739538
372,8138,7052,2463,3462,1613,1376,7224,0.0105208865,0.79201167,0,0,0,0,0,-0.119873177,-0.168663687,0.5252270074,-0.121038552,0.4157260243,1.2294716183,-0.243637908,-0.5242287,-0.578652841,0.1769875239,-0.517559057,0.0917507007,0.9622419855,-0.662993171,1178359
373,34080,4214,2415,2527,1615,1370,3759,0.8082842356,0.8082566074,0,0,0,0,0,-0.247936046,-0.167150699,0.5268572132,-0.119467297,0.4158416392,1.2297667125,-0.222934753,-0.528114245,-0.538868067,0.1433347761,-0.49838294,0.0314817006,0.9310081368,-0.765915587,1597037
374,9451,7640,2743,3546,1880,1418,4717,0,0.8070129542,0.000706456,0.0001728639,0,0,0,-0.097320685,-0.159763801,0.5255019164,-0.090538679,0.4190040942,1.2321895758,-0.15151122,-0.527458278,-0.541237069,0.1414451714,-0.491312839,0.0315826729,0.9409497384,-0.761029258,1615023
375,7280,5443,2812,2699,1574,1330,6015,0,0.0001099017,0,0,0,0,0,-0.028965735,-0.107311447,0.5291195775,-0.0076864,0.4189392322,1.232295233,-0.15151122,-0.522468566,-0.589499235,0.1571896632,-0.484953662,0.0315827857,0.9381262781,-0.722224388,1922119
376,7606,6223,3037,3092,2005,1628,6296,0,0.0001099017,0,0,0.6741813784,0.6617301463,0,-0.029109292,-0.107311447,0.5283766867,-0.0076864,0.3935896304,1.2085361828,-0.15151122,-0.522598535,-0.546367729,0.2179214593,-0.475225988,-0.022469576,0.9306204066,-0.662530648,2296200
377,6965,5806,2548,2808,2933,1986,5958,0,0.0001099017,0,0,0.8433268427,0.8412240846,0,-0.028965735,-0.107311447,0.5299680408,-0.009629797,0.3542967214,1.1571312413,-0.15151122,-0.522468566,-0.528685559,0.2207740205,-0.479685457,-0.02009548,0.9295868396,-0.618855582,1677168
378,5627,4648,2119,2207,1844,1354,4656,0,0.0001099017,0,0,0.8474333043,0.8324181335,0,-0.029346127,-0.107311447,0.5293756845,-0.008584122,0.354280274,1.1727639269,-0.15148878,-0.522474278,-0.52222896,0.2188402806,-0.537479498,-0.024933468,0.9195078353,-0.5399656,1944649
379,7344,5722,3155,3660,2260,1924,5757,0,0.0001112199,0,0,0.8433268427,0.8412240846,0,-0.028959163,-0.106696581,0.5296385907,-0.010290323,0.3542967214,1.232295233,-0.151481519,-0.495690833,-0.511394047,0.1903510703,-0.534865338,-0.042815544,0.8950491519,-0.543271433,1926320
380,6202,4925,3531,7155,2181,1748,4971,0,0.0001099017,0,0,0.8463082009,0.8409031749,0,-0.029389849,-0.107738323,0.5301272677,-0.007571582,0.3542606586,1.232318406,-0.151481519,-0.494800239,-0.527540063,0.1280793726,-0.519238065,-0.042815677,0.9187627969,-0.54111462,2060374
381,5154,3971,2933,5496,1843,1472,4126,0,0.0001112199,0,0,0.8373679098,0.8412240846,0,-0.028909102,-0.105771257,0.5304011582,-0.007571582,0.3721906332,1.232295233,-0.151481519,-0.452212366,-0.525864035,0.1280101433,-0.519798324,-0.045765216,0.9187628284,-0.535131757,1911717
382,5927,4491,3229,6188,2117,1262,4434,0,0.0001112199,0,0,0,0.834935508,0,-0.028909102,-0.105771257,0.530767626,-0.009911801,0.4186571116,1.2324359696,-0.151481519,-0.482132755,-0.525858797,0.1562125318,-0.502340681,-0.042800391,0.9187630514,-0.57280076,1758712
383,8062,5998,3740,6910,2409,1740,5598,0,0.0001099017,0,0,0,0.8299922158,0,-0.028909102,-0.107311447,0.5309019728,-0.008467332,0.4190040942,1.232295233,-0.151481519,-0.494064718,-0.524380953,0.1489981731,-0.507278963,-0.042800268,0.9196217932,-0.573113745,1788187
388,5900,3505,9287,241856,1774,1329,2270,0,0,0.8458353966,1,0,0,0,-0.043419878,-0.117654979,0.4618655113,-0.374335712,0.4185395802,1.2274484567,-0.151481519,-0.57369962,-0.567003261,-0.121210325,-0.931741662,0.1296947402,0.9254761983,-0.704143842,2052069
389,67054,3276,3043,6208,1832,1579,2393,0.1921537512,0,0,0,0,0,0,-0.235466514,-0.107562788,0.5268803718,-0.133859571,0.4186571116,1.2211846522,-0.151481519,-0.582314714,-0.569123946,-0.01361045,-0.885501881,0.1492930288,0.9206092176,-0.688458636,1746952
390,8008,3507,2787,5444,1589,1475,41751,0.0036270491,0,0,0,0,0.7528762481,0.9995026671,-0.061249774,-0.109499775,0.5261519172,-0.052613337,0.4186144698,1.2135258758,-0.371063681,-0.5838,-0.570921591,0.0804259991,-0.605270225,0.1403293511,0.8814506096,-0.656248211,1659875
391,35336,4566,2590,6645,1519,1901,3647,1,0,0,0,0,1,0,-0.47566986,-0.105696905,0.5264942187,-0.088439332,0.4188736106,1.199848193,-0.174058478,-0.808513752,-0.569232416,0.0806294876,-0.597368629,0.0639992513,0.8471153997,-0.6352733,1791648
394,31193,3292,2523,4346,1490,1706,2135,0.9592575974,0.0295556362,0,0,0,0.9979603252,0,-0.142302053,-0.116534089,0.5217128013,-0.091975353,0.4185721945,1.199848193,-0.151481519,-0.567602254,-0.569068432,0.0192620106,-0.596858351,0.0639991626,0.8776235938,-0.631683147,2113718
395,7086,5239,2564,5112,1745,1632,3918,0,0.0295556362,0,0,0,0.9945919154,0,-0.049831815,-0.116534089,0.5255717799,-0.082541382,0.4187145633,1.2005788454,-0.151481519,-0.570275773,-0.569297133,0.1003494139,-0.595625615,0.0639991016,0.8605375756,-0.633007265,2017553
396,7297,6825,2805,5969,1851,1373,4245,0,0.4705974887,0,0,0,0,0,-0.043489912,-0.133271153,0.5265203087,-0.083007386,0.4186571116,1.2217197029,-0.151481519,-0.56720678,-0.576259544,0.0937249566,-0.592318844,0.1068809082,0.8590985639,-0.600239764,1653455
397,6720,11413,2672,5336,1828,1306,3520,0,0.7589974057,0,0,0,0,0,-0.043405017,-0.146967752,0.5266049979,-0.082541382,0.4180609859,1.2219055224,-0.151481519,-0.56719258,-0.572959964,0.0932204399,-0.598626617,0.0080508681,0.8586282366,-0.463752167,2047570
398,6734,9878,2253,6063,1883,1311,3717,0,0.7589974057,0,0,0,0,0,-0.043489912,-0.146103861,0.5265663449,-0.082541382,0.4185395802,1.2218416745,-0.151481519,-0.56720678,-0.580147654,0.098601563,-0.602163654,0.0328107938,0.8583011878,-0.469530425,1927384
